feature,mean_abs_shap
cat__start_grid_g16_2,0.1404839
cat__start_grid_g12_1,0.12578644
num__hour,0.07687384
cat__start_grid_g12_2,0.069651924
cat__start_grid_g11_0,0.069085635
cat__start_grid_g11_1,0.057971284
num__turn_count,0.056948867
num__duration_sec,0.049968522
cat__start_grid_g9_4,0.04853567
num__detour_ratio,0.04125166
cat__start_grid_g5_3,0.03417423
cat__day_night_day,0.032138813
cat__start_grid_g8_3,0.029972827
cat__start_grid_g13_9,0.029889721
num__avg_speed_kmh,0.02970546
num__distance_m,0.02687143
cat__start_grid_g10_1,0.024901273
cat__start_grid_g10_2,0.02409847
cat__start_grid_g13_4,0.023384992
cat__start_grid_g7_4,0.02087431
cat__start_grid_g12_0,0.01771856
num__straight_distance_m,0.016658088
cat__start_grid_g11_3,0.014912261
cat__start_grid_g15_5,0.013849079
cat__end_grid_g2_21,0.013329666
cat__start_grid_g16_9,0.012015082
cat__start_grid_g16_5,0.011369549
num__path_entropy,0.010805171
cat__start_grid_g1_3,0.010768418
num__bearing_deg,0.010340662
cat__start_grid_g11_2,0.010070975
cat__start_grid_g5_6,0.009999193
cat__end_grid_g16_2,0.0098247295
cat__start_grid_g9_2,0.009610581
cat__start_grid_g14_2,0.009556915
num__weekday,0.007512907
cat__start_grid_g10_4,0.0075044595
cat__start_grid_g8_4,0.0071601467
cat__start_grid_g13_3,0.0071561784
cat__start_grid_g11_-1,0.007109301
cat__start_grid_g9_6,0.0069964337
cat__start_grid_g9_8,0.006699196
cat__start_grid_g4_7,0.0063309968
cat__start_grid_g17_4,0.0061155935
cat__start_grid_g18_0,0.006091779
cat__start_grid_g11_6,0.0058296383
cat__start_grid_g11_7,0.0056974194
cat__is_weekend_0,0.0056429585
cat__start_grid_g0_3,0.005594748
cat__time_slot_morning_peak,0.0052687107
cat__start_grid_g4_5,0.005156697
cat__day_night_night,0.004893387
cat__start_grid_g15_6,0.0041927486
cat__start_grid_g12_4,0.0040590717
cat__start_grid_g13_1,0.0040376685
cat__time_slot_midday,0.003976768
cat__start_grid_g5_5,0.0039141425
cat__end_grid_g13_9,0.0038108567
cat__start_grid_g6_4,0.003307463
cat__start_grid_g13_2,0.003184428
cat__start_grid_g6_5,0.0031293745
cat__time_slot_night,0.0031153834
cat__start_grid_g10_3,0.0027976348
cat__start_grid_g12_5,0.0025780327
cat__start_grid_g15_7,0.002568182
cat__end_grid_g10_1,0.0025563084
cat__start_grid_g4_3,0.0024490324
cat__start_grid_g18_6,0.0024472484
cat__start_grid_g-2_6,0.002427754
cat__start_grid_g14_4,0.0023424816
cat__start_grid_g8_1,0.002322545
cat__start_grid_g0_4,0.0022978913
cat__time_slot_late_night,0.0021176687
cat__start_grid_g2_7,0.0020041107
cat__start_grid_g2_3,0.002003805
cat__start_grid_g2_21,0.0019535858
cat__start_grid_g14_1,0.0018924058
cat__start_grid_g16_8,0.001836582
cat__start_grid_g3_3,0.0017968082
cat__start_grid_g13_6,0.0017606835
cat__start_grid_g12_-1,0.0017411138
cat__start_grid_g10_6,0.0017367741
cat__start_grid_g7_6,0.0017155013
cat__start_grid_g5_2,0.0016262274
cat__start_grid_g2_4,0.0015510465
cat__start_grid_g9_3,0.0015446695
cat__start_grid_g11_4,0.0014389831
cat__start_grid_g14_3,0.0014300976
cat__start_grid_g5_4,0.0013145821
cat__is_weekend_1,0.001259585
cat__start_grid_g12_8,0.0012256221
cat__start_grid_g12_6,0.001199788
cat__start_grid_g3_2,0.0011976543
cat__start_grid_g9_9,0.0011965787
cat__start_grid_g11_5,0.0011750798
cat__start_grid_g2_2,0.0011533322
cat__start_grid_g12_-3,0.0011470319
cat__start_grid_g8_5,0.0011414913
cat__start_grid_g3_5,0.0011191227
cat__start_grid_g10_5,0.0011076505
cat__start_grid_g14_5,0.0010945906
cat__start_grid_g6_3,0.0009888805
cat__start_grid_g3_8,0.0009019999
cat__start_grid_g4_2,0.0008979044
cat__start_grid_g14_6,0.00089218415
cat__start_grid_g10_0,0.00087345915
cat__start_grid_g13_5,0.00084986695
cat__start_grid_g18_4,0.0008472172
cat__start_grid_g6_2,0.00080858334
cat__end_grid_g5_3,0.0007978263
cat__start_grid_g10_7,0.0007874476
cat__start_grid_g11_9,0.0007413365
cat__end_grid_g12_4,0.00073623337
cat__time_slot_evening_peak,0.0007083531
cat__start_grid_g3_7,0.0006805773
cat__start_grid_g11_8,0.00065973215
cat__peak_hour_0,0.000635151
cat__start_grid_g2_5,0.0005804708
cat__start_grid_g10_-1,0.0005670041
cat__start_grid_g4_9,0.00053138944
cat__start_grid_g2_8,0.00051191985
cat__start_grid_g16_1,0.0004731317
cat__start_grid_g9_7,0.00045120937
cat__start_grid_g3_4,0.00045076502
cat__end_grid_g12_3,0.0004419071
cat__start_grid_g8_8,0.0004413242
cat__start_grid_g1_2,0.00044025702
cat__start_grid_g17_5,0.00043401893
cat__start_grid_g5_0,0.00042022765
cat__end_grid_g11_0,0.0004196897
cat__start_grid_g18_5,0.00041452126
cat__end_grid_g18_5,0.00036345713
cat__start_grid_g15_2,0.00035999957
cat__end_grid_g12_1,0.0003468439
cat__start_grid_g17_1,0.0003465069
cat__start_grid_g7_3,0.0003253466
cat__start_grid_g16_4,0.00031966862
cat__end_grid_g6_1,0.00031567793
cat__start_grid_g15_4,0.00030402973
cat__start_grid_g16_6,0.00030370537
cat__end_grid_g13_5,0.00030232803
cat__end_grid_g9_2,0.0002845565
cat__end_grid_g7_4,0.0002731711
cat__start_grid_g0_2,0.00025321776
cat__end_grid_g11_2,0.00024978086
cat__end_grid_g20_3,0.00024709254
cat__start_grid_g4_6,0.00023216571
cat__start_grid_g14_0,0.00023098245
cat__end_grid_g20_6,0.00023086417
cat__start_grid_g8_9,0.00021722462
cat__start_grid_g-2_7,0.00021719205
cat__start_grid_g2_6,0.00021599588
cat__start_grid_g9_5,0.00021366445
cat__start_grid_g14_9,0.0002113624
cat__end_grid_g12_7,0.00020761217
cat__start_grid_g7_0,0.00020447177
cat__start_grid_g-6_15,0.00019983473
cat__start_grid_g12_-2,0.00019730093
cat__end_grid_g5_2,0.00019081624
cat__start_grid_g16_7,0.00018867137
cat__end_grid_g8_3,0.0001853031
cat__start_grid_g15_1,0.00018100554
cat__start_grid_g9_1,0.00018062691
cat__start_grid_g19_4,0.00018050183
cat__end_grid_g10_3,0.00017301615
cat__start_grid_g3_1,0.00016024808
cat__start_grid_g17_3,0.00015877538
cat__end_grid_g9_3,0.00015793889
cat__end_grid_g11_-1,0.00015674827
cat__start_grid_g3_6,0.00014919629
cat__start_grid_g12_3,0.00014680585
cat__start_grid_g1_4,0.00014069183
cat__end_grid_g13_6,0.00013776263
cat__end_grid_g15_1,0.00013432198
cat__start_grid_g10_8,0.00013413643
cat__end_grid_g12_2,0.00013374431
cat__end_grid_g19_3,0.00013194866
cat__end_grid_g6_2,0.00012604914
cat__end_grid_g7_3,0.00012443001
cat__peak_hour_1,0.000119406955
cat__end_grid_g10_-3,0.00011559008
cat__end_grid_g17_3,0.00011206452
cat__start_grid_g17_6,0.000111808025
cat__start_grid_g14_7,0.00010416705
cat__end_grid_g4_7,0.000104166706
cat__end_grid_g4_9,9.7793076e-05
cat__end_grid_g6_5,9.104795e-05
cat__end_grid_g8_5,8.683581e-05
cat__end_grid_g13_4,8.682884e-05
cat__end_grid_g11_-2,8.630638e-05
cat__end_grid_g11_1,8.394248e-05
cat__end_grid_g1_9,8.263864e-05
cat__start_grid_g13_7,7.933519e-05
cat__start_grid_g4_8,7.7856974e-05
cat__end_grid_g9_9,7.572729e-05
cat__end_grid_g12_-3,7.504551e-05
cat__end_grid_g11_7,7.1890485e-05
cat__end_grid_g18_7,7.18735e-05
cat__start_grid_g4_10,7.181782e-05
cat__end_grid_g14_1,7.0749295e-05
cat__end_grid_g12_0,6.965955e-05
cat__start_grid_g15_8,6.7488036e-05
cat__end_grid_g13_3,6.747145e-05
cat__end_grid_g18_4,6.730118e-05
cat__end_grid_g13_0,6.626987e-05
cat__start_grid_g3_9,6.591766e-05
cat__end_grid_g14_4,6.587593e-05
cat__start_grid_g7_5,6.546528e-05
cat__end_grid_g9_5,6.546251e-05
cat__end_grid_g4_3,6.516958e-05
cat__end_grid_g13_1,6.399224e-05
cat__end_grid_g16_6,6.389835e-05
cat__end_grid_g0_18,6.3745654e-05
cat__start_grid_g17_11,6.157121e-05
cat__end_grid_g10_2,6.126992e-05
cat__start_grid_g14_10,6.0194292e-05
cat__end_grid_g12_6,5.8118076e-05
cat__start_grid_g-6_14,5.705028e-05
cat__start_grid_g13_0,5.4952732e-05
cat__start_grid_g8_2,5.428953e-05
cat__end_grid_g11_-3,5.4086577e-05
cat__end_grid_g1_2,5.402071e-05
cat__end_grid_g25_4,5.3513064e-05
cat__end_grid_g8_4,5.08743e-05
cat__start_grid_g17_10,5.0680104e-05
cat__end_grid_g2_22,5.044519e-05
cat__end_grid_g10_7,5.0180803e-05
cat__end_grid_g19_2,4.99072e-05
cat__end_grid_g14_6,4.9008424e-05
cat__end_grid_g4_4,4.8808575e-05
cat__end_grid_g3_3,4.756262e-05
cat__end_grid_g7_0,4.648788e-05
cat__end_grid_g0_3,4.641014e-05
cat__start_grid_g-1_4,4.6071742e-05
cat__end_grid_g18_0,4.566895e-05
cat__end_grid_g12_5,4.5118595e-05
cat__start_grid_g13_10,4.5029898e-05
cat__end_grid_g2_8,4.475672e-05
cat__start_grid_g17_12,4.4283584e-05
cat__start_grid_g-3_9,4.410828e-05
cat__end_grid_g16_5,4.388105e-05
cat__end_grid_g5_5,4.3231572e-05
cat__start_grid_g-2_8,4.3066542e-05
cat__end_grid_g11_5,4.2558182e-05
cat__end_grid_g9_4,4.092145e-05
cat__start_grid_g12_-4,4.0703428e-05
cat__end_grid_g10_5,4.035882e-05
cat__end_grid_g14_3,4.0345607e-05
cat__start_grid_g5_8,4.0143204e-05
cat__end_grid_g15_5,3.9632076e-05
cat__end_grid_g16_-5,3.937696e-05
cat__start_grid_g3_10,3.9337094e-05
cat__end_grid_g6_3,3.8711434e-05
cat__end_grid_g14_2,3.8182105e-05
cat__end_grid_g10_4,3.7348997e-05
cat__end_grid_g3_2,3.679758e-05
cat__start_grid_g13_-1,3.5832854e-05
cat__end_grid_g13_2,3.5783112e-05
cat__end_grid_g17_4,3.5528457e-05
cat__end_grid_g0_4,3.5110268e-05
cat__end_grid_g12_8,3.4043092e-05
cat__end_grid_g3_5,3.311156e-05
cat__end_grid_g12_-1,3.2616244e-05
cat__end_grid_g13_-10,3.2056432e-05
cat__start_grid_g15_9,3.1746815e-05
cat__start_grid_g10_-3,2.977845e-05
cat__end_grid_g12_20,2.9443261e-05
cat__start_grid_g20_6,2.9427116e-05
cat__start_grid_g19_3,2.9210509e-05
cat__end_grid_g24_-1,2.767693e-05
cat__start_grid_g9_-1,2.7653197e-05
cat__end_grid_g14_8,2.7220844e-05
cat__end_grid_g11_20,2.650929e-05
cat__end_grid_g7_11,2.6280128e-05
cat__end_grid_g9_6,2.6069705e-05
cat__end_grid_g20_17,2.5715495e-05
cat__end_grid_g-2_9,2.5360505e-05
cat__start_grid_g19_8,2.4657853e-05
cat__end_grid_g17_12,2.4517292e-05
cat__end_grid_g11_8,2.427501e-05
cat__end_grid_g15_8,2.3921468e-05
cat__end_grid_g12_-4,2.3888933e-05
cat__end_grid_g16_10,2.3844035e-05
cat__end_grid_g11_3,2.3682655e-05
cat__end_grid_g1_5,2.3060857e-05
cat__end_grid_g0_10,2.3042281e-05
cat__end_grid_g1_3,2.2895674e-05
cat__end_grid_g14_7,2.2613593e-05
cat__start_grid_g19_6,2.2146685e-05
cat__end_grid_g-1_5,2.2140975e-05
cat__end_grid_g3_4,2.197801e-05
cat__start_grid_g7_1,2.177087e-05
cat__end_grid_g7_5,2.1315143e-05
cat__end_grid_g0_9,2.126132e-05
cat__start_grid_g1_9,2.1118523e-05
cat__end_grid_g16_7,2.1067897e-05
cat__start_grid_g14_8,2.0854506e-05
cat__end_grid_g21_15,2.0506706e-05
cat__end_grid_g11_6,2.043535e-05
cat__start_grid_g2_22,1.9840494e-05
cat__end_grid_g14_5,1.9593166e-05
cat__end_grid_g10_6,1.9291605e-05
cat__end_grid_g16_-2,1.922249e-05
cat__start_grid_g20_3,1.891811e-05
cat__end_grid_g7_6,1.8818175e-05
cat__end_grid_g22_7,1.8073039e-05
cat__end_grid_g8_2,1.8030114e-05
cat__end_grid_g9_8,1.75777e-05
cat__end_grid_g5_10,1.71658e-05
cat__end_grid_g2_7,1.709089e-05
cat__end_grid_g4_10,1.6880318e-05
cat__end_grid_g7_7,1.6145792e-05
cat__end_grid_g59_15,1.5923595e-05
cat__end_grid_g16_8,1.563258e-05
cat__end_grid_g2_4,1.52504745e-05
cat__end_grid_g18_3,1.497461e-05
cat__end_grid_g15_3,1.4284011e-05
cat__end_grid_g18_6,1.3727188e-05
cat__end_grid_g9_-3,1.3163502e-05
cat__start_grid_g-2_9,1.3118307e-05
cat__end_grid_g2_2,1.2947846e-05
cat__end_grid_g19_7,1.2390707e-05
cat__end_grid_g15_4,1.1808491e-05
cat__end_grid_g2_3,1.168115e-05
cat__start_grid_g-5_13,1.1503203e-05
cat__end_grid_g15_2,1.1197617e-05
cat__end_grid_g14_9,1.0805711e-05
cat__end_grid_g-3_12,1.0756813e-05
cat__end_grid_g11_-4,1.02036565e-05
cat__end_grid_g19_-1,1.0195944e-05
cat__end_grid_g5_6,8.765829e-06
cat__end_grid_g9_7,8.685182e-06
cat__end_grid_g16_9,8.510389e-06
cat__end_grid_g15_6,8.2370225e-06
cat__end_grid_g20_8,8.220009e-06
cat__end_grid_g4_6,8.047287e-06
cat__end_grid_g5_4,7.975582e-06
cat__end_grid_g3_7,7.773358e-06
cat__end_grid_g0_2,6.969276e-06
cat__end_grid_g7_21,6.922897e-06
cat__end_grid_g11_21,6.8701015e-06
cat__end_grid_g11_4,6.762361e-06
cat__end_grid_g13_-4,6.592707e-06
cat__start_grid_g12_9,6.5306076e-06
cat__end_grid_g9_1,6.461059e-06
cat__end_grid_g3_9,6.2148447e-06
cat__end_grid_g1_4,6.0966076e-06
cat__end_grid_g10_0,6.091912e-06
cat__end_grid_g13_-2,5.9276035e-06
cat__end_grid_g24_0,5.926226e-06
cat__start_grid_g7_15,5.7499283e-06
cat__start_grid_g3_11,5.734809e-06
cat__end_grid_g6_0,5.7054467e-06
cat__end_grid_g14_0,5.6401104e-06
cat__end_grid_g20_7,5.519259e-06
cat__end_grid_g14_10,5.50428e-06
cat__end_grid_g8_1,5.4241123e-06
cat__end_grid_g7_10,5.4194165e-06
cat__end_grid_g-1_8,5.229458e-06
cat__end_grid_g16_4,5.043112e-06
cat__end_grid_g4_2,4.993141e-06
cat__end_grid_g18_10,4.4941976e-06
cat__end_grid_g5_9,4.4165577e-06
cat__end_grid_g5_8,4.3790974e-06
cat__end_grid_g4_8,4.3155933e-06
cat__end_grid_g22_6,4.197997e-06
cat__end_grid_g8_6,4.1548124e-06
cat__end_grid_g17_5,4.1112285e-06
cat__end_grid_g3_-8,3.9604633e-06
cat__end_grid_g5_0,3.8749104e-06
cat__end_grid_g31_12,3.550243e-06
cat__end_grid_g8_7,3.3718807e-06
cat__start_grid_g6_0,3.2009905e-06
cat__end_grid_g21_-1,3.1201764e-06
cat__end_grid_g-1_6,3.0969993e-06
cat__end_grid_g-2_12,3.0528981e-06
cat__end_grid_g3_11,2.999903e-06
cat__end_grid_g-1_4,2.9807693e-06
cat__end_grid_g6_4,2.9571104e-06
cat__end_grid_g8_8,2.8209024e-06
cat__start_grid_g19_1,2.7812775e-06
cat__end_grid_g13_7,2.7618694e-06
cat__end_grid_g8_16,2.7328465e-06
cat__end_grid_g17_11,2.6667396e-06
cat__end_grid_g13_10,2.6426083e-06
cat__end_grid_g22_8,2.5554436e-06
cat__end_grid_g14_11,2.3352745e-06
cat__end_grid_g13_14,2.181322e-06
cat__end_grid_g-1_7,2.1621302e-06
cat__end_grid_g-2_7,2.1475448e-06
cat__end_grid_g15_7,2.0974546e-06
cat__end_grid_g8_-1,1.961925e-06
cat__end_grid_g13_8,1.9461497e-06
cat__end_grid_g1_7,1.8994043e-06
cat__end_grid_g21_6,1.8311994e-06
cat__end_grid_g8_12,1.8045706e-06
cat__end_grid_g19_12,1.7019407e-06
cat__end_grid_g16_1,1.649521e-06
cat__end_grid_g10_8,1.6182277e-06
cat__start_grid_g19_7,1.4763729e-06
cat__end_grid_g3_10,1.4388153e-06
cat__end_grid_g14_-1,1.4158265e-06
cat__end_grid_g7_9,1.401172e-06
cat__end_grid_g17_10,1.3438336e-06
cat__end_grid_g20_-1,1.2698349e-06
cat__end_grid_g4_5,1.2493222e-06
cat__end_grid_g8_9,1.1290265e-06
cat__end_grid_g8_11,1.0721366e-06
cat__end_grid_g-1_15,1.0633632e-06
cat__start_grid_g15_3,1.0587372e-06
cat__end_grid_g11_9,9.588034e-07
cat__end_grid_g3_8,9.047548e-07
cat__end_grid_g12_9,8.894528e-07
cat__end_grid_g15_9,8.654782e-07
cat__end_grid_g3_1,8.427645e-07
cat__end_grid_g19_5,7.296222e-07
cat__end_grid_g13_17,7.007397e-07
cat__end_grid_g2_6,6.5394795e-07
cat__end_grid_g17_7,6.178838e-07
cat__end_grid_g11_12,5.829121e-07
cat__end_grid_g19_4,5.79414e-07
cat__end_grid_g11_11,5.496706e-07
cat__end_grid_g-3_13,5.154197e-07
cat__end_grid_g10_-1,5.079452e-07
cat__end_grid_g21_5,5.068431e-07
cat__end_grid_g6_10,4.9871926e-07
cat__end_grid_g3_6,4.9263537e-07
cat__end_grid_g-3_9,4.7464212e-07
cat__end_grid_g2_5,3.654597e-07
cat__end_grid_g7_15,3.0104036e-07
cat__end_grid_g27_11,0.0
cat__end_grid_g27_-16,0.0
cat__end_grid_g1_1,0.0
cat__end_grid_g27_-14,0.0
cat__end_grid_g27_-13,0.0
cat__end_grid_g27_12,0.0
cat__end_grid_g27_13,0.0
cat__end_grid_g19_26,0.0
cat__end_grid_g27_18,0.0
cat__end_grid_g1_10,0.0
cat__end_grid_g27_-10,0.0
cat__end_grid_g27_-1,0.0
cat__end_grid_g27_-17,0.0
cat__end_grid_g19_45,0.0
cat__end_grid_g26_9,0.0
cat__end_grid_g19_46,0.0
cat__end_grid_g19_44,0.0
cat__end_grid_g27_-36,0.0
cat__end_grid_g19_42,0.0
cat__end_grid_g27_-6,0.0
cat__end_grid_g27_-7,0.0
cat__end_grid_g27_-9,0.0
cat__end_grid_g19_8,0.0
cat__end_grid_g19_6,0.0
cat__end_grid_g27_-3,0.0
cat__end_grid_g27_1,0.0
cat__end_grid_g19_76,0.0
cat__end_grid_g27_-2,0.0
cat__end_grid_g27_-19,0.0
cat__end_grid_g19_9,0.0
cat__end_grid_g1_-60,0.0
cat__end_grid_g27_10,0.0
cat__end_grid_g27_0,0.0
cat__end_grid_g26_12,0.0
cat__end_grid_g26_11,0.0
cat__end_grid_g26_10,0.0
cat__end_grid_g26_1,0.0
cat__end_grid_g26_0,0.0
cat__end_grid_g1_20,0.0
cat__end_grid_g26_-9,0.0
cat__end_grid_g26_-5,0.0
cat__end_grid_g1_21,0.0
cat__end_grid_g1_22,0.0
cat__end_grid_g26_-4,0.0
cat__end_grid_g26_-3,0.0
cat__end_grid_g26_30,0.0
cat__end_grid_g26_-1,0.0
cat__end_grid_g25_9,0.0
cat__end_grid_g25_8,0.0
cat__end_grid_g25_7,0.0
cat__end_grid_g25_6,0.0
cat__end_grid_g25_58,0.0
cat__end_grid_g25_5,0.0
cat__end_grid_g1_25,0.0
cat__end_grid_g25_43,0.0
cat__end_grid_g1_28,0.0
cat__end_grid_g25_3,0.0
cat__end_grid_g25_25,0.0
cat__end_grid_g26_-2,0.0
cat__end_grid_g26_8,0.0
cat__end_grid_g1_11,0.0
cat__end_grid_g1_12,0.0
cat__end_grid_g1_13,0.0
cat__end_grid_g26_7,0.0
cat__end_grid_g26_61,0.0
cat__end_grid_g26_6,0.0
cat__end_grid_g26_59,0.0
cat__end_grid_g26_56,0.0
cat__end_grid_g26_5,0.0
cat__end_grid_g26_4,0.0
cat__end_grid_g27_2,0.0
cat__end_grid_g26_13,0.0
cat__end_grid_g26_25,0.0
cat__end_grid_g26_23,0.0
cat__end_grid_g26_22,0.0
cat__end_grid_g26_21,0.0
cat__end_grid_g26_20,0.0
cat__end_grid_g26_2,0.0
cat__end_grid_g26_19,0.0
cat__end_grid_g26_18,0.0
cat__end_grid_g1_16,0.0
cat__end_grid_g1_17,0.0
cat__end_grid_g26_14,0.0
cat__end_grid_g1_18,0.0
cat__end_grid_g26_3,0.0
cat__end_grid_g2_14,0.0
cat__end_grid_g2_13,0.0
cat__end_grid_g2_12,0.0
cat__end_grid_g2_11,0.0
cat__end_grid_g2_10,0.0
cat__end_grid_g2_1,0.0
cat__end_grid_g2_-5,0.0
cat__end_grid_g2_-4,0.0
cat__end_grid_g2_-3,0.0
cat__end_grid_g2_-2,0.0
cat__end_grid_g2_-1,0.0
cat__end_grid_g29_6,0.0
cat__end_grid_g29_5,0.0
cat__end_grid_g19_14,0.0
cat__end_grid_g29_4,0.0
cat__end_grid_g29_3,0.0
cat__end_grid_g29_207,0.0
cat__end_grid_g29_2,0.0
cat__end_grid_g29_14,0.0
cat__end_grid_g29_13,0.0
cat__end_grid_g29_12,0.0
cat__end_grid_g29_11,0.0
cat__end_grid_g29_10,0.0
cat__end_grid_g29_1,0.0
cat__end_grid_g29_0,0.0
cat__end_grid_g29_-7,0.0
cat__end_grid_g29_-6,0.0
cat__end_grid_g29_44,0.0
cat__end_grid_g30_-72,0.0
cat__end_grid_g30_-16,0.0
cat__end_grid_g30_-12,0.0
cat__end_grid_g30_-10,0.0
cat__end_grid_g2_9,0.0
cat__end_grid_g18_8,0.0
cat__end_grid_g18_9,0.0
cat__end_grid_g19_-10,0.0
cat__end_grid_g19_-11,0.0
cat__end_grid_g19_-15,0.0
cat__end_grid_g2_40,0.0
cat__end_grid_g19_-17,0.0
cat__end_grid_g19_-19,0.0
cat__end_grid_g2_15,0.0
cat__end_grid_g2_26,0.0
cat__end_grid_g19_-2,0.0
cat__end_grid_g2_24,0.0
cat__end_grid_g2_23,0.0
cat__end_grid_g19_-21,0.0
cat__end_grid_g19_-24,0.0
cat__end_grid_g19_-3,0.0
cat__end_grid_g19_-31,0.0
cat__end_grid_g2_20,0.0
cat__end_grid_g19_-49,0.0
cat__end_grid_g2_19,0.0
cat__end_grid_g2_18,0.0
cat__end_grid_g2_16,0.0
cat__end_grid_g2_28,0.0
cat__end_grid_g28_-2,0.0
cat__end_grid_g28_-18,0.0
cat__end_grid_g28_-13,0.0
cat__end_grid_g27_7,0.0
cat__end_grid_g19_11,0.0
cat__end_grid_g27_65,0.0
cat__end_grid_g27_62,0.0
cat__end_grid_g27_61,0.0
cat__end_grid_g27_6,0.0
cat__end_grid_g27_59,0.0
cat__end_grid_g27_5,0.0
cat__end_grid_g27_42,0.0
cat__end_grid_g27_4,0.0
cat__end_grid_g29_-5,0.0
cat__end_grid_g27_31,0.0
cat__end_grid_g19_13,0.0
cat__end_grid_g1_29,0.0
cat__end_grid_g19_15,0.0
cat__end_grid_g19_16,0.0
cat__end_grid_g19_18,0.0
cat__end_grid_g19_19,0.0
cat__end_grid_g27_3,0.0
cat__end_grid_g27_25,0.0
cat__end_grid_g19_20,0.0
cat__end_grid_g27_24,0.0
cat__end_grid_g27_21,0.0
cat__end_grid_g27_20,0.0
cat__end_grid_g27_39,0.0
cat__end_grid_g29_-46,0.0
cat__end_grid_g29_-21,0.0
cat__end_grid_g29_-14,0.0
cat__end_grid_g29_-13,0.0
cat__end_grid_g28_6,0.0
cat__end_grid_g28_58,0.0
cat__end_grid_g28_5,0.0
cat__end_grid_g28_42,0.0
cat__end_grid_g28_4,0.0
cat__end_grid_g28_3,0.0
cat__end_grid_g28_2,0.0
cat__end_grid_g19_-5,0.0
cat__end_grid_g19_-6,0.0
cat__end_grid_g28_-4,0.0
cat__end_grid_g19_-74,0.0
cat__end_grid_g19_-8,0.0
cat__end_grid_g19_0,0.0
cat__end_grid_g19_1,0.0
cat__end_grid_g28_15,0.0
cat__end_grid_g28_13,0.0
cat__end_grid_g28_12,0.0
cat__end_grid_g28_11,0.0
cat__end_grid_g19_10,0.0
cat__end_grid_g28_0,0.0
cat__end_grid_g28_-6,0.0
cat__end_grid_g28_-56,0.0
cat__end_grid_g28_-5,0.0
cat__end_grid_g28_-42,0.0
cat__end_grid_g19_-7,0.0
cat__end_grid_g23_17,0.0
cat__end_grid_g23_16,0.0
cat__end_grid_g23_15,0.0
cat__end_grid_g23_14,0.0
cat__end_grid_g23_13,0.0
cat__end_grid_g21_17,0.0
cat__end_grid_g21_18,0.0
cat__end_grid_g21_19,0.0
cat__end_grid_g21_2,0.0
cat__end_grid_g21_20,0.0
cat__end_grid_g23_12,0.0
cat__end_grid_g21_24,0.0
cat__end_grid_g1_8,0.0
cat__end_grid_g23_11,0.0
cat__end_grid_g23_10,0.0
cat__end_grid_g23_1,0.0
cat__end_grid_g21_3,0.0
cat__end_grid_g21_31,0.0
cat__end_grid_g21_4,0.0
cat__end_grid_g21_44,0.0
cat__end_grid_g23_0,0.0
cat__end_grid_g23_-9,0.0
cat__end_grid_g23_-84,0.0
cat__end_grid_g23_-78,0.0
cat__end_grid_g23_-5,0.0
cat__end_grid_g23_-48,0.0
cat__end_grid_g21_26,0.0
cat__end_grid_g21_-8,0.0
cat__end_grid_g243_-58,0.0
cat__end_grid_g21_-9,0.0
cat__end_grid_g23_9,0.0
cat__end_grid_g23_8,0.0
cat__end_grid_g23_7,0.0
cat__end_grid_g23_60,0.0
cat__end_grid_g23_6,0.0
cat__end_grid_g21_0,0.0
cat__end_grid_g21_1,0.0
cat__end_grid_g23_5,0.0
cat__end_grid_g23_47,0.0
cat__end_grid_g23_4,0.0
cat__end_grid_g23_18,0.0
cat__end_grid_g23_3,0.0
cat__end_grid_g23_28,0.0
cat__end_grid_g23_27,0.0
cat__end_grid_g21_10,0.0
cat__end_grid_g23_22,0.0
cat__end_grid_g21_11,0.0
cat__end_grid_g23_21,0.0
cat__end_grid_g23_20,0.0
cat__end_grid_g21_13,0.0
cat__end_grid_g21_14,0.0
cat__end_grid_g23_2,0.0
cat__end_grid_g23_19,0.0
cat__end_grid_g21_16,0.0
cat__end_grid_g23_34,0.0
cat__end_grid_g22_2,0.0
cat__end_grid_g22_-10,0.0
cat__end_grid_g22_-12,0.0
cat__end_grid_g22_19,0.0
cat__end_grid_g22_-14,0.0
cat__end_grid_g22_18,0.0
cat__end_grid_g22_17,0.0
cat__end_grid_g22_16,0.0
cat__end_grid_g22_15,0.0
cat__end_grid_g22_14,0.0
cat__end_grid_g22_-17,0.0
cat__end_grid_g22_13,0.0
cat__end_grid_g23_-4,0.0
cat__end_grid_g22_-2,0.0
cat__end_grid_g22_10,0.0
cat__end_grid_g22_1,0.0
cat__end_grid_g22_0,0.0
cat__end_grid_g22_-9,0.0
cat__end_grid_g22_-3,0.0
cat__end_grid_g22_-31,0.0
cat__end_grid_g22_-8,0.0
cat__end_grid_g22_-7,0.0
cat__end_grid_g22_-5,0.0
cat__end_grid_g22_-47,0.0
cat__end_grid_g22_-4,0.0
cat__end_grid_g22_-35,0.0
cat__end_grid_g22_11,0.0
cat__end_grid_g23_-35,0.0
cat__end_grid_g23_-3,0.0
cat__end_grid_g23_-27,0.0
cat__end_grid_g23_-2,0.0
cat__end_grid_g23_-19,0.0
cat__end_grid_g21_68,0.0
cat__end_grid_g23_-17,0.0
cat__end_grid_g23_-13,0.0
cat__end_grid_g23_-12,0.0
cat__end_grid_g23_-11,0.0
cat__end_grid_g23_-1,0.0
cat__end_grid_g22_9,0.0
cat__end_grid_g21_7,0.0
cat__end_grid_g22_20,0.0
cat__end_grid_g22_77,0.0
cat__end_grid_g22_5,0.0
cat__end_grid_g22_49,0.0
cat__end_grid_g22_45,0.0
cat__end_grid_g21_9,0.0
cat__end_grid_g22_44,0.0
cat__end_grid_g22_4,0.0
cat__end_grid_g22_3,0.0
cat__end_grid_g22_28,0.0
cat__end_grid_g22_23,0.0
cat__end_grid_g22_22,0.0
cat__end_grid_g22_21,0.0
cat__end_grid_g22_-1,0.0
cat__end_grid_g21_8,0.0
cat__end_grid_g20_-25,0.0
cat__end_grid_g25_-16,0.0
cat__end_grid_g20_-3,0.0
cat__end_grid_g20_-35,0.0
cat__end_grid_g20_-4,0.0
cat__end_grid_g25_-15,0.0
cat__end_grid_g25_-12,0.0
cat__end_grid_g25_-1,0.0
cat__end_grid_g253_50,0.0
cat__end_grid_g20_-48,0.0
cat__end_grid_g24_9,0.0
cat__end_grid_g20_-5,0.0
cat__end_grid_g21_-79,0.0
cat__end_grid_g24_8,0.0
cat__end_grid_g24_7,0.0
cat__end_grid_g20_-6,0.0
cat__end_grid_g24_64,0.0
cat__end_grid_g24_62,0.0
cat__end_grid_g24_6,0.0
cat__end_grid_g20_0,0.0
cat__end_grid_g20_1,0.0
cat__end_grid_g20_10,0.0
cat__end_grid_g20_11,0.0
cat__end_grid_g20_12,0.0
cat__end_grid_g24_5,0.0
cat__end_grid_g24_4,0.0
cat__end_grid_g20_-51,0.0
cat__end_grid_g25_22,0.0
cat__end_grid_g1_32,0.0
cat__end_grid_g1_33,0.0
cat__end_grid_g1_6,0.0
cat__end_grid_g25_21,0.0
cat__end_grid_g25_20,0.0
cat__end_grid_g25_2,0.0
cat__end_grid_g1_63,0.0
cat__end_grid_g25_19,0.0
cat__end_grid_g25_18,0.0
cat__end_grid_g25_16,0.0
cat__end_grid_g20_-10,0.0
cat__end_grid_g25_15,0.0
cat__end_grid_g20_-24,0.0
cat__end_grid_g25_10,0.0
cat__end_grid_g25_1,0.0
cat__end_grid_g25_0,0.0
cat__end_grid_g25_-8,0.0
cat__end_grid_g25_-7,0.0
cat__end_grid_g25_-5,0.0
cat__end_grid_g20_-13,0.0
cat__end_grid_g25_-4,0.0
cat__end_grid_g25_-31,0.0
cat__end_grid_g25_-2,0.0
cat__end_grid_g20_-2,0.0
cat__end_grid_g20_-22,0.0
cat__end_grid_g20_-23,0.0
cat__end_grid_g25_14,0.0
cat__end_grid_g21_-10,0.0
cat__end_grid_g21_-18,0.0
cat__end_grid_g21_-21,0.0
cat__end_grid_g21_-25,0.0
cat__end_grid_g21_-26,0.0
cat__end_grid_g21_-27,0.0
cat__end_grid_g21_-28,0.0
cat__end_grid_g21_-3,0.0
cat__end_grid_g21_-34,0.0
cat__end_grid_g21_-4,0.0
cat__end_grid_g24_-7,0.0
cat__end_grid_g21_-47,0.0
cat__end_grid_g20_13,0.0
cat__end_grid_g24_-5,0.0
cat__end_grid_g21_-6,0.0
cat__end_grid_g24_-49,0.0
cat__end_grid_g24_-36,0.0
cat__end_grid_g21_-7,0.0
cat__end_grid_g21_-72,0.0
cat__end_grid_g24_-35,0.0
cat__end_grid_g24_-32,0.0
cat__end_grid_g24_-3,0.0
cat__end_grid_g24_-23,0.0
cat__end_grid_g24_-2,0.0
cat__end_grid_g24_-13,0.0
cat__end_grid_g24_-10,0.0
cat__end_grid_g21_-5,0.0
cat__end_grid_g20_14,0.0
cat__end_grid_g24_3,0.0
cat__end_grid_g20_15,0.0
cat__end_grid_g20_16,0.0
cat__end_grid_g20_18,0.0
cat__end_grid_g20_2,0.0
cat__end_grid_g20_20,0.0
cat__end_grid_g24_23,0.0
cat__end_grid_g24_22,0.0
cat__end_grid_g24_21,0.0
cat__end_grid_g24_2,0.0
cat__end_grid_g20_27,0.0
cat__end_grid_g24_19,0.0
cat__end_grid_g20_9,0.0
cat__end_grid_g24_17,0.0
cat__end_grid_g20_32,0.0
cat__end_grid_g20_33,0.0
cat__end_grid_g20_4,0.0
cat__end_grid_g20_46,0.0
cat__end_grid_g24_15,0.0
cat__end_grid_g24_14,0.0
cat__end_grid_g24_13,0.0
cat__end_grid_g24_12,0.0
cat__end_grid_g24_11,0.0
cat__end_grid_g20_5,0.0
cat__end_grid_g24_10,0.0
cat__end_grid_g24_1,0.0
cat__end_grid_g24_18,0.0
cat__end_grid_g6_38,0.0
cat__end_grid_g6_43,0.0
cat__end_grid_g6_6,0.0
cat__end_grid_g6_7,0.0
cat__end_grid_g6_8,0.0
cat__end_grid_g6_9,0.0
cat__end_grid_g70_-8,0.0
cat__end_grid_g18_39,0.0
cat__end_grid_g72_33,0.0
cat__end_grid_g73_-17,0.0
cat__end_grid_g73_-22,0.0
cat__end_grid_g73_17,0.0
cat__end_grid_g74_-13,0.0
cat__end_grid_g74_8,0.0
cat__end_grid_g77_-21,0.0
cat__end_grid_g77_4,0.0
cat__end_grid_g71_18,0.0
cat__end_grid_g6_11,0.0
cat__end_grid_g6_12,0.0
cat__end_grid_g6_13,0.0
cat__end_grid_g6_14,0.0
cat__end_grid_g6_15,0.0
cat__end_grid_g6_16,0.0
cat__end_grid_g6_17,0.0
cat__end_grid_g6_18,0.0
cat__end_grid_g6_27,0.0
cat__end_grid_g6_197,0.0
cat__end_grid_g6_206,0.0
cat__end_grid_g6_21,0.0
cat__end_grid_g6_22,0.0
cat__end_grid_g6_23,0.0
cat__end_grid_g6_24,0.0
cat__end_grid_g6_25,0.0
cat__end_grid_g6_26,0.0
cat__end_grid_g6_19,0.0
cat__end_grid_g7_-31,0.0
cat__end_grid_g7_-37,0.0
cat__end_grid_g7_-4,0.0
cat__end_grid_g7_-40,0.0
cat__end_grid_g7_-48,0.0
cat__end_grid_g7_-5,0.0
cat__end_grid_g7_-6,0.0
cat__end_grid_g7_-7,0.0
cat__end_grid_g7_-1,0.0
cat__end_grid_g7_-9,0.0
cat__end_grid_g7_1,0.0
cat__end_grid_g7_12,0.0
cat__end_grid_g7_13,0.0
cat__end_grid_g7_14,0.0
cat__end_grid_g7_16,0.0
cat__end_grid_g7_17,0.0
cat__end_grid_g7_19,0.0
cat__end_grid_g7_-8,0.0
cat__end_grid_g7_-10,0.0
cat__end_grid_g7_-11,0.0
cat__end_grid_g7_-12,0.0
cat__end_grid_g7_-13,0.0
cat__end_grid_g7_-14,0.0
cat__end_grid_g7_-16,0.0
cat__end_grid_g7_-17,0.0
cat__end_grid_g7_-19,0.0
cat__end_grid_g7_-30,0.0
cat__end_grid_g7_-20,0.0
cat__end_grid_g7_-21,0.0
cat__end_grid_g7_-22,0.0
cat__end_grid_g7_-25,0.0
cat__end_grid_g7_-27,0.0
cat__end_grid_g7_-28,0.0
cat__end_grid_g7_-29,0.0
cat__end_grid_g7_-3,0.0
cat__end_grid_g7_-2,0.0
cat__end_grid_g65_66,0.0
cat__end_grid_g65_67,0.0
cat__end_grid_g65_68,0.0
cat__end_grid_g65_70,0.0
cat__end_grid_g65_71,0.0
cat__end_grid_g66_28,0.0
cat__end_grid_g66_52,0.0
cat__end_grid_g67_-19,0.0
cat__end_grid_g6_-9,0.0
cat__end_grid_g67_16,0.0
cat__end_grid_g67_29,0.0
cat__end_grid_g68_14,0.0
cat__end_grid_g68_15,0.0
cat__end_grid_g68_26,0.0
cat__end_grid_g68_97,0.0
cat__end_grid_g69_-23,0.0
cat__end_grid_g69_-28,0.0
cat__end_grid_g67_15,0.0
cat__end_grid_g60_14,0.0
cat__end_grid_g61_28,0.0
cat__end_grid_g61_29,0.0
cat__end_grid_g61_54,0.0
cat__end_grid_g61_66,0.0
cat__end_grid_g62_-14,0.0
cat__end_grid_g62_111,0.0
cat__end_grid_g62_12,0.0
cat__end_grid_g65_2,0.0
cat__end_grid_g62_64,0.0
cat__end_grid_g62_72,0.0
cat__end_grid_g63_22,0.0
cat__end_grid_g63_67,0.0
cat__end_grid_g64_3,0.0
cat__end_grid_g64_66,0.0
cat__end_grid_g64_67,0.0
cat__end_grid_g65_13,0.0
cat__end_grid_g62_53,0.0
cat__end_grid_g6_-26,0.0
cat__end_grid_g6_-27,0.0
cat__end_grid_g6_-28,0.0
cat__end_grid_g6_-29,0.0
cat__end_grid_g6_-3,0.0
cat__end_grid_g6_-30,0.0
cat__end_grid_g6_-31,0.0
cat__end_grid_g6_-32,0.0
cat__end_grid_g69_97,0.0
cat__end_grid_g6_-35,0.0
cat__end_grid_g6_-4,0.0
cat__end_grid_g6_-5,0.0
cat__end_grid_g6_-6,0.0
cat__end_grid_g6_-7,0.0
cat__end_grid_g6_-8,0.0
cat__end_grid_g6_-86,0.0
cat__end_grid_g6_-89,0.0
cat__end_grid_g6_-33,0.0
cat__end_grid_g6_-1,0.0
cat__end_grid_g6_-10,0.0
cat__end_grid_g6_-11,0.0
cat__end_grid_g6_-110,0.0
cat__end_grid_g6_-112,0.0
cat__end_grid_g6_-12,0.0
cat__end_grid_g6_-13,0.0
cat__end_grid_g6_-15,0.0
cat__end_grid_g6_-25,0.0
cat__end_grid_g6_-17,0.0
cat__end_grid_g6_-18,0.0
cat__end_grid_g6_-19,0.0
cat__end_grid_g6_-2,0.0
cat__end_grid_g6_-20,0.0
cat__end_grid_g6_-22,0.0
cat__end_grid_g6_-23,0.0
cat__end_grid_g6_-24,0.0
cat__end_grid_g6_-16,0.0
cat__end_grid_g9_-14,0.0
cat__end_grid_g9_-15,0.0
cat__end_grid_g9_-16,0.0
cat__end_grid_g9_-17,0.0
cat__end_grid_g9_-18,0.0
cat__end_grid_g9_-19,0.0
cat__end_grid_g9_-2,0.0
cat__end_grid_g9_-20,0.0
cat__end_grid_g7_2,0.0
cat__end_grid_g9_-22,0.0
cat__end_grid_g9_-26,0.0
cat__end_grid_g9_-27,0.0
cat__end_grid_g9_-30,0.0
cat__end_grid_g9_-31,0.0
cat__end_grid_g9_-34,0.0
cat__end_grid_g9_-35,0.0
cat__end_grid_g9_-4,0.0
cat__end_grid_g9_-21,0.0
cat__end_grid_g8_23,0.0
cat__end_grid_g8_24,0.0
cat__end_grid_g8_25,0.0
cat__end_grid_g8_26,0.0
cat__end_grid_g8_27,0.0
cat__end_grid_g8_81,0.0
cat__end_grid_g90_36,0.0
cat__end_grid_g92_69,0.0
cat__end_grid_g9_-13,0.0
cat__end_grid_g94_2,0.0
cat__end_grid_g97_34,0.0
cat__end_grid_g98_26,0.0
cat__end_grid_g98_28,0.0
cat__end_grid_g9_-1,0.0
cat__end_grid_g9_-10,0.0
cat__end_grid_g9_-11,0.0
cat__end_grid_g9_-12,0.0
cat__end_grid_g93_-10,0.0
cat__end_grid_g9_21,0.0
cat__start_grid_g-18_84,0.0
cat__start_grid_g-1_12,0.0
cat__start_grid_g-1_11,0.0
cat__start_grid_g-1_14,0.0
cat__start_grid_g-1_15,0.0
cat__start_grid_g-1_18,0.0
cat__start_grid_g-1_19,0.0
cat__end_grid_g9_-40,0.0
cat__start_grid_g-1_5,0.0
cat__start_grid_g-1_6,0.0
cat__start_grid_g-1_7,0.0
cat__start_grid_g-1_8,0.0
cat__start_grid_g-1_9,0.0
cat__start_grid_g-2_10,0.0
cat__start_grid_g-2_11,0.0
cat__start_grid_g-2_13,0.0
cat__start_grid_g-1_20,0.0
cat__end_grid_g9_-5,0.0
cat__end_grid_g9_-6,0.0
cat__end_grid_g9_-62,0.0
cat__end_grid_g9_-7,0.0
cat__end_grid_g9_-8,0.0
cat__end_grid_g9_-9,0.0
cat__end_grid_g9_0,0.0
cat__end_grid_g9_10,0.0
cat__end_grid_g9_20,0.0
cat__end_grid_g9_12,0.0
cat__end_grid_g9_13,0.0
cat__end_grid_g9_14,0.0
cat__end_grid_g9_15,0.0
cat__end_grid_g9_16,0.0
cat__end_grid_g9_17,0.0
cat__end_grid_g9_18,0.0
cat__end_grid_g9_19,0.0
cat__end_grid_g9_11,0.0
cat__end_grid_g84_27,0.0
cat__end_grid_g85_-91,0.0
cat__end_grid_g85_123,0.0
cat__end_grid_g85_16,0.0
cat__end_grid_g85_69,0.0
cat__end_grid_g86_86,0.0
cat__end_grid_g87_16,0.0
cat__end_grid_g87_36,0.0
cat__end_grid_g8_22,0.0
cat__end_grid_g88_75,0.0
cat__end_grid_g89_10,0.0
cat__end_grid_g8_-10,0.0
cat__end_grid_g8_-11,0.0
cat__end_grid_g8_-12,0.0
cat__end_grid_g8_-120,0.0
cat__end_grid_g8_-133,0.0
cat__end_grid_g8_-14,0.0
cat__end_grid_g88_10,0.0
cat__end_grid_g7_20,0.0
cat__end_grid_g7_23,0.0
cat__end_grid_g7_24,0.0
cat__end_grid_g7_26,0.0
cat__end_grid_g7_27,0.0
cat__end_grid_g7_30,0.0
cat__end_grid_g7_38,0.0
cat__end_grid_g7_8,0.0
cat__end_grid_g83_67,0.0
cat__end_grid_g81_21,0.0
cat__end_grid_g81_49,0.0
cat__end_grid_g81_50,0.0
cat__end_grid_g82_46,0.0
cat__end_grid_g82_48,0.0
cat__end_grid_g82_50,0.0
cat__end_grid_g83_24,0.0
cat__end_grid_g83_51,0.0
cat__end_grid_g80_49,0.0
cat__end_grid_g8_-6,0.0
cat__end_grid_g8_-62,0.0
cat__end_grid_g8_-7,0.0
cat__end_grid_g8_-8,0.0
cat__end_grid_g8_-9,0.0
cat__end_grid_g8_0,0.0
cat__end_grid_g8_10,0.0
cat__end_grid_g8_13,0.0
cat__end_grid_g8_-15,0.0
cat__end_grid_g8_15,0.0
cat__end_grid_g8_17,0.0
cat__end_grid_g8_18,0.0
cat__end_grid_g8_180,0.0
cat__end_grid_g8_19,0.0
cat__end_grid_g8_20,0.0
cat__end_grid_g8_207,0.0
cat__end_grid_g8_21,0.0
cat__end_grid_g8_14,0.0
cat__end_grid_g8_-16,0.0
cat__end_grid_g8_-17,0.0
cat__end_grid_g8_-18,0.0
cat__end_grid_g8_-2,0.0
cat__end_grid_g8_-21,0.0
cat__end_grid_g8_-22,0.0
cat__end_grid_g8_-27,0.0
cat__end_grid_g8_-28,0.0
cat__end_grid_g8_-5,0.0
cat__end_grid_g8_-3,0.0
cat__end_grid_g8_-30,0.0
cat__end_grid_g8_-31,0.0
cat__end_grid_g8_-37,0.0
cat__end_grid_g8_-38,0.0
cat__end_grid_g8_-4,0.0
cat__end_grid_g8_-40,0.0
cat__end_grid_g8_-48,0.0
cat__end_grid_g8_-29,0.0
cat__end_grid_g3_-6,0.0
cat__end_grid_g3_-7,0.0
cat__end_grid_g3_-9,0.0
cat__end_grid_g3_12,0.0
cat__end_grid_g3_13,0.0
cat__end_grid_g3_15,0.0
cat__end_grid_g3_16,0.0
cat__end_grid_g3_17,0.0
cat__end_grid_g5_7,0.0
cat__end_grid_g3_19,0.0
cat__end_grid_g3_20,0.0
cat__end_grid_g3_21,0.0
cat__end_grid_g3_22,0.0
cat__end_grid_g3_23,0.0
cat__end_grid_g3_24,0.0
cat__end_grid_g3_25,0.0
cat__end_grid_g3_26,0.0
cat__end_grid_g3_18,0.0
cat__end_grid_g37_-29,0.0
cat__end_grid_g37_18,0.0
cat__end_grid_g37_20,0.0
cat__end_grid_g37_30,0.0
cat__end_grid_g37_45,0.0
cat__end_grid_g37_7,0.0
cat__end_grid_g37_70,0.0
cat__end_grid_g37_76,0.0
cat__end_grid_g3_-5,0.0
cat__end_grid_g38_70,0.0
cat__end_grid_g39_10,0.0
cat__end_grid_g39_21,0.0
cat__end_grid_g39_9,0.0
cat__end_grid_g3_-1,0.0
cat__end_grid_g3_-2,0.0
cat__end_grid_g3_-3,0.0
cat__end_grid_g3_-4,0.0
cat__end_grid_g38_-61,0.0
cat__end_grid_g42_-50,0.0
cat__end_grid_g42_-57,0.0
cat__end_grid_g42_153,0.0
cat__end_grid_g42_25,0.0
cat__end_grid_g42_27,0.0
cat__end_grid_g42_31,0.0
cat__end_grid_g42_50,0.0
cat__end_grid_g42_90,0.0
cat__end_grid_g3_27,0.0
cat__end_grid_g43_-14,0.0
cat__end_grid_g43_-208,0.0
cat__end_grid_g43_21,0.0
cat__end_grid_g43_59,0.0
cat__end_grid_g43_91,0.0
cat__end_grid_g44_-128,0.0
cat__end_grid_g44_-55,0.0
cat__end_grid_g44_157,0.0
cat__end_grid_g42_92,0.0
cat__end_grid_g3_28,0.0
cat__end_grid_g3_29,0.0
cat__end_grid_g3_35,0.0
cat__end_grid_g40_-204,0.0
cat__end_grid_g40_-37,0.0
cat__end_grid_g40_21,0.0
cat__end_grid_g40_24,0.0
cat__end_grid_g40_25,0.0
cat__end_grid_g41_6,0.0
cat__end_grid_g40_87,0.0
cat__end_grid_g40_9,0.0
cat__end_grid_g41_-202,0.0
cat__end_grid_g41_-206,0.0
cat__end_grid_g41_-58,0.0
cat__end_grid_g41_-9,0.0
cat__end_grid_g41_21,0.0
cat__end_grid_g41_49,0.0
cat__end_grid_g40_26,0.0
cat__end_grid_g31_10,0.0
cat__end_grid_g31_11,0.0
cat__end_grid_g31_13,0.0
cat__end_grid_g32_-11,0.0
cat__end_grid_g32_-12,0.0
cat__end_grid_g32_-15,0.0
cat__end_grid_g32_-86,0.0
cat__end_grid_g32_10,0.0
cat__end_grid_g37_-110,0.0
cat__end_grid_g33_-19,0.0
cat__end_grid_g33_-55,0.0
cat__end_grid_g33_-56,0.0
cat__end_grid_g33_-6,0.0
cat__end_grid_g33_-68,0.0
cat__end_grid_g33_-7,0.0
cat__end_grid_g33_44,0.0
cat__end_grid_g33_47,0.0
cat__end_grid_g32_12,0.0
cat__end_grid_g30_0,0.0
cat__end_grid_g30_1,0.0
cat__end_grid_g30_10,0.0
cat__end_grid_g30_11,0.0
cat__end_grid_g30_12,0.0
cat__end_grid_g30_13,0.0
cat__end_grid_g30_14,0.0
cat__end_grid_g30_2,0.0
cat__end_grid_g31_0,0.0
cat__end_grid_g30_62,0.0
cat__end_grid_g31_-11,0.0
cat__end_grid_g31_-12,0.0
cat__end_grid_g31_-14,0.0
cat__end_grid_g31_-17,0.0
cat__end_grid_g31_-2,0.0
cat__end_grid_g31_-55,0.0
cat__end_grid_g31_-57,0.0
cat__end_grid_g30_3,0.0
cat__end_grid_g35_-14,0.0
cat__end_grid_g35_-16,0.0
cat__end_grid_g35_-17,0.0
cat__end_grid_g35_-50,0.0
cat__end_grid_g35_-8,0.0
cat__end_grid_g35_13,0.0
cat__end_grid_g35_40,0.0
cat__end_grid_g35_42,0.0
cat__end_grid_g33_61,0.0
cat__end_grid_g35_46,0.0
cat__end_grid_g35_47,0.0
cat__end_grid_g35_8,0.0
cat__end_grid_g36_-15,0.0
cat__end_grid_g36_-160,0.0
cat__end_grid_g36_-19,0.0
cat__end_grid_g36_10,0.0
cat__end_grid_g36_82,0.0
cat__end_grid_g35_44,0.0
cat__end_grid_g33_71,0.0
cat__end_grid_g33_86,0.0
cat__end_grid_g33_9,0.0
cat__end_grid_g34_-14,0.0
cat__end_grid_g34_-17,0.0
cat__end_grid_g34_-55,0.0
cat__end_grid_g34_-68,0.0
cat__end_grid_g34_-78,0.0
cat__end_grid_g35_-13,0.0
cat__end_grid_g34_26,0.0
cat__end_grid_g34_31,0.0
cat__end_grid_g34_44,0.0
cat__end_grid_g34_45,0.0
cat__end_grid_g34_46,0.0
cat__end_grid_g34_9,0.0
cat__end_grid_g34_95,0.0
cat__end_grid_g35_-127,0.0
cat__end_grid_g34_15,0.0
cat__end_grid_g55_85,0.0
cat__end_grid_g56_38,0.0
cat__end_grid_g56_42,0.0
cat__end_grid_g57_13,0.0
cat__end_grid_g57_33,0.0
cat__end_grid_g57_37,0.0
cat__end_grid_g57_38,0.0
cat__end_grid_g57_5,0.0
cat__end_grid_g44_17,0.0
cat__end_grid_g58_14,0.0
cat__end_grid_g58_31,0.0
cat__end_grid_g59_-21,0.0
cat__end_grid_g59_14,0.0
cat__end_grid_g59_16,0.0
cat__end_grid_g59_47,0.0
cat__end_grid_g5_-1,0.0
cat__end_grid_g5_-10,0.0
cat__end_grid_g57_92,0.0
cat__end_grid_g52_27,0.0
cat__end_grid_g52_30,0.0
cat__end_grid_g52_39,0.0
cat__end_grid_g52_61,0.0
cat__end_grid_g52_9,0.0
cat__end_grid_g53_10,0.0
cat__end_grid_g53_31,0.0
cat__end_grid_g53_32,0.0
cat__end_grid_g55_8,0.0
cat__end_grid_g53_59,0.0
cat__end_grid_g53_9,0.0
cat__end_grid_g54_22,0.0
cat__end_grid_g54_26,0.0
cat__end_grid_g54_75,0.0
cat__end_grid_g55_31,0.0
cat__end_grid_g55_69,0.0
cat__end_grid_g55_7,0.0
cat__end_grid_g53_37,0.0
cat__end_grid_g5_-8,0.0
cat__end_grid_g5_-88,0.0
cat__end_grid_g5_-9,0.0
cat__end_grid_g5_1,0.0
cat__end_grid_g5_11,0.0
cat__end_grid_g5_12,0.0
cat__end_grid_g5_13,0.0
cat__end_grid_g5_14,0.0
cat__end_grid_g5_-11,0.0
cat__end_grid_g5_16,0.0
cat__end_grid_g5_20,0.0
cat__end_grid_g5_21,0.0
cat__end_grid_g5_22,0.0
cat__end_grid_g5_23,0.0
cat__end_grid_g5_24,0.0
cat__end_grid_g5_25,0.0
cat__end_grid_g5_26,0.0
cat__end_grid_g5_15,0.0
cat__end_grid_g5_-112,0.0
cat__end_grid_g5_-12,0.0
cat__end_grid_g5_-13,0.0
cat__end_grid_g5_-14,0.0
cat__end_grid_g5_-15,0.0
cat__end_grid_g5_-16,0.0
cat__end_grid_g5_-17,0.0
cat__end_grid_g5_-2,0.0
cat__end_grid_g5_-7,0.0
cat__end_grid_g5_-21,0.0
cat__end_grid_g5_-22,0.0
cat__end_grid_g5_-23,0.0
cat__end_grid_g5_-3,0.0
cat__end_grid_g5_-4,0.0
cat__end_grid_g5_-41,0.0
cat__end_grid_g5_-5,0.0
cat__end_grid_g5_-6,0.0
cat__end_grid_g5_-20,0.0
cat__end_grid_g47_46,0.0
cat__end_grid_g47_48,0.0
cat__end_grid_g47_49,0.0
cat__end_grid_g48_-63,0.0
cat__end_grid_g48_-65,0.0
cat__end_grid_g48_11,0.0
cat__end_grid_g48_29,0.0
cat__end_grid_g48_31,0.0
cat__end_grid_g51_30,0.0
cat__end_grid_g48_46,0.0
cat__end_grid_g48_92,0.0
cat__end_grid_g48_93,0.0
cat__end_grid_g49_16,0.0
cat__end_grid_g49_31,0.0
cat__end_grid_g4_-1,0.0
cat__end_grid_g4_-10,0.0
cat__end_grid_g4_-11,0.0
cat__end_grid_g48_45,0.0
cat__end_grid_g44_64,0.0
cat__end_grid_g44_66,0.0
cat__end_grid_g44_90,0.0
cat__end_grid_g44_91,0.0
cat__end_grid_g44_94,0.0
cat__end_grid_g45_-64,0.0
cat__end_grid_g45_2,0.0
cat__end_grid_g45_90,0.0
cat__end_grid_g47_14,0.0
cat__end_grid_g46_108,0.0
cat__end_grid_g46_19,0.0
cat__end_grid_g46_51,0.0
cat__end_grid_g46_90,0.0
cat__end_grid_g46_93,0.0
cat__end_grid_g47_-18,0.0
cat__end_grid_g47_-25,0.0
cat__end_grid_g47_-67,0.0
cat__end_grid_g45_91,0.0
cat__end_grid_g4_1,0.0
cat__end_grid_g4_11,0.0
cat__end_grid_g4_12,0.0
cat__end_grid_g4_13,0.0
cat__end_grid_g4_14,0.0
cat__end_grid_g4_15,0.0
cat__end_grid_g4_16,0.0
cat__end_grid_g4_17,0.0
cat__end_grid_g4_-111,0.0
cat__end_grid_g4_19,0.0
cat__end_grid_g4_21,0.0
cat__end_grid_g4_22,0.0
cat__end_grid_g4_25,0.0
cat__end_grid_g50_203,0.0
cat__end_grid_g50_31,0.0
cat__end_grid_g50_58,0.0
cat__end_grid_g51_-168,0.0
cat__end_grid_g4_18,0.0
cat__end_grid_g4_-12,0.0
cat__end_grid_g4_-13,0.0
cat__end_grid_g4_-14,0.0
cat__end_grid_g4_-15,0.0
cat__end_grid_g4_-16,0.0
cat__end_grid_g4_-18,0.0
cat__end_grid_g4_-183,0.0
cat__end_grid_g4_-2,0.0
cat__end_grid_g4_0,0.0
cat__end_grid_g4_-3,0.0
cat__end_grid_g4_-4,0.0
cat__end_grid_g4_-41,0.0
cat__end_grid_g4_-5,0.0
cat__end_grid_g4_-6,0.0
cat__end_grid_g4_-7,0.0
cat__end_grid_g4_-8,0.0
cat__end_grid_g4_-9,0.0
cat__end_grid_g4_-21,0.0
cat__start_grid_g28_-3,0.0
cat__start_grid_g28_1,0.0
cat__start_grid_g28_11,0.0
cat__start_grid_g28_12,0.0
cat__start_grid_g28_13,0.0
cat__start_grid_g28_15,0.0
cat__start_grid_g28_2,0.0
cat__start_grid_g-2_12,0.0
cat__start_grid_g29_11,0.0
cat__start_grid_g29_12,0.0
cat__start_grid_g29_13,0.0
cat__start_grid_g29_14,0.0
cat__start_grid_g29_4,0.0
cat__start_grid_g2_-3,0.0
cat__start_grid_g2_-4,0.0
cat__start_grid_g2_1,0.0
cat__start_grid_g28_47,0.0
cat__start_grid_g26_-3,0.0
cat__start_grid_g26_11,0.0
cat__start_grid_g26_12,0.0
cat__start_grid_g26_4,0.0
cat__start_grid_g26_6,0.0
cat__start_grid_g26_7,0.0
cat__start_grid_g26_9,0.0
cat__start_grid_g27_65,0.0
cat__start_grid_g27_-2,0.0
cat__start_grid_g27_-7,0.0
cat__start_grid_g27_10,0.0
cat__start_grid_g27_12,0.0
cat__start_grid_g27_4,0.0
cat__start_grid_g27_5,0.0
cat__start_grid_g27_6,0.0
cat__start_grid_g27_62,0.0
cat__start_grid_g27_-10,0.0
cat__start_grid_g39_10,0.0
cat__start_grid_g3_-1,0.0
cat__start_grid_g3_-4,0.0
cat__start_grid_g3_-7,0.0
cat__start_grid_g3_-8,0.0
cat__start_grid_g3_12,0.0
cat__start_grid_g3_13,0.0
cat__start_grid_g2_10,0.0
cat__start_grid_g3_18,0.0
cat__start_grid_g3_19,0.0
cat__start_grid_g3_20,0.0
cat__start_grid_g3_22,0.0
cat__start_grid_g3_23,0.0
cat__start_grid_g3_24,0.0
cat__start_grid_g3_26,0.0
cat__start_grid_g40_24,0.0
cat__start_grid_g3_15,0.0
cat__start_grid_g2_11,0.0
cat__start_grid_g2_12,0.0
cat__start_grid_g2_13,0.0
cat__start_grid_g2_18,0.0
cat__start_grid_g2_19,0.0
cat__start_grid_g2_20,0.0
cat__start_grid_g2_23,0.0
cat__start_grid_g2_28,0.0
cat__start_grid_g37_10,0.0
cat__start_grid_g30_0,0.0
cat__start_grid_g30_1,0.0
cat__start_grid_g30_11,0.0
cat__start_grid_g30_13,0.0
cat__start_grid_g31_10,0.0
cat__start_grid_g31_12,0.0
cat__start_grid_g35_9,0.0
cat__start_grid_g36_5,0.0
cat__start_grid_g2_9,0.0
cat__start_grid_g22_17,0.0
cat__start_grid_g22_18,0.0
cat__start_grid_g22_2,0.0
cat__start_grid_g22_20,0.0
cat__start_grid_g22_22,0.0
cat__start_grid_g22_3,0.0
cat__start_grid_g22_4,0.0
cat__start_grid_g26_-10,0.0
cat__start_grid_g22_7,0.0
cat__start_grid_g22_8,0.0
cat__start_grid_g23_-21,0.0
cat__start_grid_g23_-32,0.0
cat__start_grid_g23_-4,0.0
cat__start_grid_g23_0,0.0
cat__start_grid_g23_1,0.0
cat__start_grid_g23_10,0.0
cat__start_grid_g22_6,0.0
cat__start_grid_g21_11,0.0
cat__start_grid_g21_14,0.0
cat__start_grid_g21_15,0.0
cat__start_grid_g21_16,0.0
cat__start_grid_g21_17,0.0
cat__start_grid_g21_24,0.0
cat__start_grid_g21_3,0.0
cat__start_grid_g21_4,0.0
cat__start_grid_g22_16,0.0
cat__start_grid_g21_7,0.0
cat__start_grid_g21_8,0.0
cat__start_grid_g21_9,0.0
cat__start_grid_g22_-2,0.0
cat__start_grid_g22_-47,0.0
cat__start_grid_g22_1,0.0
cat__start_grid_g22_14,0.0
cat__start_grid_g22_15,0.0
cat__start_grid_g21_6,0.0
cat__start_grid_g24_62,0.0
cat__start_grid_g24_64,0.0
cat__start_grid_g24_7,0.0
cat__start_grid_g24_8,0.0
cat__start_grid_g24_9,0.0
cat__start_grid_g25_-1,0.0
cat__start_grid_g25_-7,0.0
cat__start_grid_g23_11,0.0
cat__start_grid_g25_0,0.0
cat__start_grid_g25_14,0.0
cat__start_grid_g25_2,0.0
cat__start_grid_g25_3,0.0
cat__start_grid_g25_4,0.0
cat__start_grid_g25_5,0.0
cat__start_grid_g25_7,0.0
cat__start_grid_g25_9,0.0
cat__start_grid_g25_-8,0.0
cat__start_grid_g23_13,0.0
cat__start_grid_g23_16,0.0
cat__start_grid_g23_18,0.0
cat__start_grid_g23_19,0.0
cat__start_grid_g23_5,0.0
cat__start_grid_g23_8,0.0
cat__start_grid_g23_9,0.0
cat__start_grid_g24_-1,0.0
cat__start_grid_g24_5,0.0
cat__start_grid_g24_-36,0.0
cat__start_grid_g24_-6,0.0
cat__start_grid_g24_1,0.0
cat__start_grid_g24_10,0.0
cat__start_grid_g24_11,0.0
cat__start_grid_g24_15,0.0
cat__start_grid_g24_18,0.0
cat__start_grid_g24_21,0.0
cat__start_grid_g24_-2,0.0
cat__start_grid_g7_-10,0.0
cat__start_grid_g7_-11,0.0
cat__start_grid_g7_-13,0.0
cat__start_grid_g7_-2,0.0
cat__start_grid_g7_-28,0.0
cat__start_grid_g7_-29,0.0
cat__start_grid_g7_-3,0.0
cat__start_grid_g40_9,0.0
cat__start_grid_g7_-4,0.0
cat__start_grid_g7_10,0.0
cat__start_grid_g7_11,0.0
cat__start_grid_g7_12,0.0
cat__start_grid_g7_13,0.0
cat__start_grid_g7_14,0.0
cat__start_grid_g7_16,0.0
cat__start_grid_g7_18,0.0
cat__start_grid_g7_-37,0.0
cat__start_grid_g6_-81,0.0
cat__start_grid_g6_1,0.0
cat__start_grid_g6_10,0.0
cat__start_grid_g6_12,0.0
cat__start_grid_g6_14,0.0
cat__start_grid_g6_16,0.0
cat__start_grid_g6_17,0.0
cat__start_grid_g6_21,0.0
cat__start_grid_g7_-1,0.0
cat__start_grid_g6_6,0.0
cat__start_grid_g6_7,0.0
cat__start_grid_g6_8,0.0
cat__start_grid_g6_9,0.0
cat__start_grid_g71_18,0.0
cat__start_grid_g72_17,0.0
cat__start_grid_g73_7,0.0
cat__start_grid_g77_4,0.0
cat__start_grid_g6_26,0.0
cat__start_grid_g8_-5,0.0
cat__start_grid_g8_-6,0.0
cat__start_grid_g8_-7,0.0
cat__start_grid_g8_-8,0.0
cat__start_grid_g8_-9,0.0
cat__start_grid_g8_0,0.0
cat__start_grid_g8_10,0.0
cat__start_grid_g7_19,0.0
cat__start_grid_g8_12,0.0
cat__start_grid_g8_13,0.0
cat__start_grid_g8_14,0.0
cat__start_grid_g8_15,0.0
cat__start_grid_g8_16,0.0
cat__start_grid_g8_19,0.0
cat__start_grid_g8_20,0.0
cat__start_grid_g8_22,0.0
cat__start_grid_g8_11,0.0
cat__start_grid_g7_2,0.0
cat__start_grid_g7_20,0.0
cat__start_grid_g7_21,0.0
cat__start_grid_g7_7,0.0
cat__start_grid_g7_8,0.0
cat__start_grid_g7_9,0.0
cat__start_grid_g85_122,0.0
cat__start_grid_g85_69,0.0
cat__start_grid_g8_-4,0.0
cat__start_grid_g8_-1,0.0
cat__start_grid_g8_-10,0.0
cat__start_grid_g8_-11,0.0
cat__start_grid_g8_-12,0.0
cat__start_grid_g8_-19,0.0
cat__start_grid_g8_-2,0.0
cat__start_grid_g8_-29,0.0
cat__start_grid_g8_-3,0.0
cat__start_grid_g86_-40,0.0
cat__start_grid_g4_11,0.0
cat__start_grid_g4_12,0.0
cat__start_grid_g4_13,0.0
cat__start_grid_g4_14,0.0
cat__start_grid_g4_16,0.0
cat__start_grid_g4_17,0.0
cat__start_grid_g4_22,0.0
cat__start_grid_g6_-5,0.0
cat__start_grid_g4_4,0.0
cat__start_grid_g50_92,0.0
cat__start_grid_g52_61,0.0
cat__start_grid_g55_11,0.0
cat__start_grid_g56_38,0.0
cat__start_grid_g57_13,0.0
cat__start_grid_g57_33,0.0
cat__start_grid_g59_15,0.0
cat__start_grid_g4_25,0.0
cat__start_grid_g41_-3,0.0
cat__start_grid_g46_-15,0.0
cat__start_grid_g46_-67,0.0
cat__start_grid_g48_92,0.0
cat__start_grid_g4_-1,0.0
cat__start_grid_g4_-10,0.0
cat__start_grid_g4_-12,0.0
cat__start_grid_g4_-14,0.0
cat__start_grid_g4_1,0.0
cat__start_grid_g4_-18,0.0
cat__start_grid_g4_-2,0.0
cat__start_grid_g4_-3,0.0
cat__start_grid_g4_-4,0.0
cat__start_grid_g4_-5,0.0
cat__start_grid_g4_-7,0.0
cat__start_grid_g4_-8,0.0
cat__start_grid_g4_0,0.0
cat__start_grid_g4_-15,0.0
cat__start_grid_g62_12,0.0
cat__start_grid_g62_72,0.0
cat__start_grid_g65_-6,0.0
cat__start_grid_g65_68,0.0
cat__start_grid_g6_-1,0.0
cat__start_grid_g6_-10,0.0
cat__start_grid_g6_-15,0.0
cat__start_grid_g5_-1,0.0
cat__start_grid_g6_-2,0.0
cat__start_grid_g6_-23,0.0
cat__start_grid_g6_-24,0.0
cat__start_grid_g6_-25,0.0
cat__start_grid_g6_-29,0.0
cat__start_grid_g6_-3,0.0
cat__start_grid_g6_-30,0.0
cat__start_grid_g6_-4,0.0
cat__start_grid_g6_-17,0.0
cat__start_grid_g5_-2,0.0
cat__start_grid_g5_-3,0.0
cat__start_grid_g5_-5,0.0
cat__start_grid_g5_-6,0.0
cat__start_grid_g5_-8,0.0
cat__start_grid_g5_-89,0.0
cat__start_grid_g5_1,0.0
cat__start_grid_g5_10,0.0
cat__start_grid_g5_9,0.0
cat__start_grid_g5_13,0.0
cat__start_grid_g5_14,0.0
cat__start_grid_g5_15,0.0
cat__start_grid_g5_16,0.0
cat__start_grid_g5_22,0.0
cat__start_grid_g5_23,0.0
cat__start_grid_g5_24,0.0
cat__start_grid_g5_7,0.0
cat__start_grid_g5_11,0.0
cat__start_grid_g11_10,0.0
cat__start_grid_g11_11,0.0
cat__start_grid_g11_12,0.0
cat__start_grid_g11_13,0.0
cat__start_grid_g11_14,0.0
cat__start_grid_g11_15,0.0
cat__start_grid_g11_17,0.0
cat__start_grid_g21_10,0.0
cat__start_grid_g11_19,0.0
cat__start_grid_g11_20,0.0
cat__start_grid_g11_21,0.0
cat__start_grid_g11_28,0.0
cat__start_grid_g12_-5,0.0
cat__start_grid_g12_-6,0.0
cat__start_grid_g12_10,0.0
cat__start_grid_g12_11,0.0
cat__start_grid_g11_18,0.0
cat__start_grid_g10_14,0.0
cat__start_grid_g10_15,0.0
cat__start_grid_g10_19,0.0
cat__start_grid_g10_20,0.0
cat__start_grid_g10_21,0.0
cat__start_grid_g10_23,0.0
cat__start_grid_g10_24,0.0
cat__start_grid_g11_-8,0.0
cat__start_grid_g10_28,0.0
cat__start_grid_g10_9,0.0
cat__start_grid_g115_25,0.0
cat__start_grid_g11_-2,0.0
cat__start_grid_g11_-3,0.0
cat__start_grid_g11_-4,0.0
cat__start_grid_g11_-5,0.0
cat__start_grid_g11_-6,0.0
cat__start_grid_g10_27,0.0
cat__start_grid_g13_-3,0.0
cat__start_grid_g13_-4,0.0
cat__start_grid_g13_-5,0.0
cat__start_grid_g13_-6,0.0
cat__start_grid_g13_-8,0.0
cat__start_grid_g13_-9,0.0
cat__start_grid_g13_11,0.0
cat__start_grid_g12_12,0.0
cat__start_grid_g13_13,0.0
cat__start_grid_g13_14,0.0
cat__start_grid_g13_17,0.0
cat__start_grid_g13_21,0.0
cat__start_grid_g13_8,0.0
cat__start_grid_g147_4,0.0
cat__start_grid_g14_-1,0.0
cat__start_grid_g14_-11,0.0
cat__start_grid_g13_12,0.0
cat__start_grid_g12_13,0.0
cat__start_grid_g12_15,0.0
cat__start_grid_g12_16,0.0
cat__start_grid_g12_17,0.0
cat__start_grid_g12_19,0.0
cat__start_grid_g12_20,0.0
cat__start_grid_g12_21,0.0
cat__start_grid_g12_22,0.0
cat__start_grid_g13_-2,0.0
cat__start_grid_g12_26,0.0
cat__start_grid_g12_7,0.0
cat__start_grid_g138_-137,0.0
cat__start_grid_g13_-10,0.0
cat__start_grid_g13_-11,0.0
cat__start_grid_g13_-13,0.0
cat__start_grid_g13_-14,0.0
cat__start_grid_g13_-15,0.0
cat__start_grid_g12_23,0.0
cat__start_grid_g-2_18,0.0
cat__start_grid_g-2_20,0.0
cat__start_grid_g-2_22,0.0
cat__start_grid_g-2_26,0.0
cat__start_grid_g-3_10,0.0
cat__start_grid_g-3_11,0.0
cat__start_grid_g-3_12,0.0
cat__start_grid_g10_13,0.0
cat__start_grid_g-3_14,0.0
cat__start_grid_g-3_15,0.0
cat__start_grid_g-3_17,0.0
cat__start_grid_g-3_18,0.0
cat__start_grid_g-3_22,0.0
cat__start_grid_g-3_32,0.0
cat__start_grid_g-4_-85,0.0
cat__start_grid_g-4_10,0.0
cat__start_grid_g-3_13,0.0
cat__start_grid_g-1_13,0.0
cat__DAY_TYPE_A,0.0
cat__start_grid_g-10_46,0.0
cat__start_grid_g-10_57,0.0
cat__start_grid_g-11_47,0.0
cat__start_grid_g-11_48,0.0
cat__start_grid_g-12_45,0.0
cat__start_grid_g-14_53,0.0
cat__start_grid_g-2_17,0.0
cat__end_grid_g9_22,0.0
cat__end_grid_g9_23,0.0
cat__end_grid_g9_24,0.0
cat__end_grid_g9_27,0.0
cat__start_grid_g-1_10,0.0
cat__start_grid_g-2_14,0.0
cat__start_grid_g-2_15,0.0
cat__start_grid_g-2_16,0.0
cat__start_grid_g-18_121,0.0
cat__start_grid_g0_18,0.0
cat__start_grid_g0_33,0.0
cat__start_grid_g0_5,0.0
cat__start_grid_g0_6,0.0
cat__start_grid_g0_7,0.0
cat__start_grid_g0_8,0.0
cat__start_grid_g0_9,0.0
cat__start_grid_g-4_11,0.0
cat__start_grid_g10_-2,0.0
cat__start_grid_g10_-4,0.0
cat__start_grid_g10_-5,0.0
cat__start_grid_g10_-6,0.0
cat__start_grid_g10_-7,0.0
cat__start_grid_g10_10,0.0
cat__start_grid_g10_11,0.0
cat__start_grid_g10_12,0.0
cat__start_grid_g10_-10,0.0
cat__start_grid_g-4_12,0.0
cat__start_grid_g-4_22,0.0
cat__start_grid_g-4_26,0.0
cat__start_grid_g-4_32,0.0
cat__start_grid_g-4_35,0.0
cat__start_grid_g-4_36,0.0
cat__start_grid_g-5_12,0.0
cat__start_grid_g-5_14,0.0
cat__start_grid_g0_17,0.0
cat__start_grid_g-6_18,0.0
cat__start_grid_g-7_42,0.0
cat__start_grid_g-8_28,0.0
cat__start_grid_g0_10,0.0
cat__start_grid_g0_11,0.0
cat__start_grid_g0_12,0.0
cat__start_grid_g0_13,0.0
cat__start_grid_g0_16,0.0
cat__start_grid_g-6_17,0.0
cat__start_grid_g19_-8,0.0
cat__start_grid_g19_0,0.0
cat__start_grid_g19_10,0.0
cat__start_grid_g19_11,0.0
cat__start_grid_g19_12,0.0
cat__start_grid_g19_13,0.0
cat__start_grid_g19_14,0.0
cat__start_grid_g14_-16,0.0
cat__start_grid_g19_2,0.0
cat__start_grid_g19_22,0.0
cat__start_grid_g19_5,0.0
cat__start_grid_g19_9,0.0
cat__start_grid_g1_1,0.0
cat__start_grid_g1_10,0.0
cat__start_grid_g1_11,0.0
cat__start_grid_g1_12,0.0
cat__start_grid_g19_15,0.0
cat__start_grid_g18_-86,0.0
cat__start_grid_g18_1,0.0
cat__start_grid_g18_11,0.0
cat__start_grid_g18_12,0.0
cat__start_grid_g18_13,0.0
cat__start_grid_g18_14,0.0
cat__start_grid_g18_15,0.0
cat__start_grid_g18_16,0.0
cat__start_grid_g19_-35,0.0
cat__start_grid_g18_3,0.0
cat__start_grid_g18_7,0.0
cat__start_grid_g18_8,0.0
cat__start_grid_g18_9,0.0
cat__start_grid_g19_-1,0.0
cat__start_grid_g19_-2,0.0
cat__start_grid_g19_-22,0.0
cat__start_grid_g19_-3,0.0
cat__start_grid_g18_2,0.0
cat__start_grid_g20_13,0.0
cat__start_grid_g20_14,0.0
cat__start_grid_g20_16,0.0
cat__start_grid_g20_17,0.0
cat__start_grid_g20_2,0.0
cat__start_grid_g20_4,0.0
cat__start_grid_g20_43,0.0
cat__start_grid_g1_17,0.0
cat__start_grid_g20_7,0.0
cat__start_grid_g20_8,0.0
cat__start_grid_g20_9,0.0
cat__start_grid_g21_-10,0.0
cat__start_grid_g21_-3,0.0
cat__start_grid_g21_-7,0.0
cat__start_grid_g21_0,0.0
cat__start_grid_g21_1,0.0
cat__start_grid_g20_5,0.0
cat__start_grid_g1_19,0.0
cat__start_grid_g1_20,0.0
cat__start_grid_g1_22,0.0
cat__start_grid_g1_5,0.0
cat__start_grid_g1_6,0.0
cat__start_grid_g1_7,0.0
cat__start_grid_g1_8,0.0
cat__start_grid_g20_-1,0.0
cat__start_grid_g20_12,0.0
cat__start_grid_g20_-3,0.0
cat__start_grid_g20_-35,0.0
cat__start_grid_g20_-4,0.0
cat__start_grid_g20_-6,0.0
cat__start_grid_g20_0,0.0
cat__start_grid_g20_1,0.0
cat__start_grid_g20_10,0.0
cat__start_grid_g20_11,0.0
cat__start_grid_g20_-2,0.0
cat__start_grid_g154_37,0.0
cat__start_grid_g157_35,0.0
cat__start_grid_g15_-11,0.0
cat__start_grid_g15_-2,0.0
cat__start_grid_g15_-3,0.0
cat__start_grid_g15_-4,0.0
cat__start_grid_g15_-6,0.0
cat__start_grid_g18_-7,0.0
cat__start_grid_g15_0,0.0
cat__start_grid_g15_10,0.0
cat__start_grid_g15_11,0.0
cat__start_grid_g15_12,0.0
cat__start_grid_g15_13,0.0
cat__start_grid_g15_15,0.0
cat__start_grid_g15_16,0.0
cat__start_grid_g15_21,0.0
cat__start_grid_g15_-8,0.0
cat__start_grid_g14_-17,0.0
cat__start_grid_g14_-2,0.0
cat__start_grid_g14_-25,0.0
cat__start_grid_g14_-3,0.0
cat__start_grid_g14_-4,0.0
cat__start_grid_g14_-5,0.0
cat__start_grid_g14_-6,0.0
cat__start_grid_g14_-7,0.0
cat__start_grid_g14_23,0.0
cat__start_grid_g14_-9,0.0
cat__start_grid_g14_11,0.0
cat__start_grid_g14_12,0.0
cat__start_grid_g14_13,0.0
cat__start_grid_g14_14,0.0
cat__start_grid_g14_15,0.0
cat__start_grid_g14_16,0.0
cat__start_grid_g14_21,0.0
cat__start_grid_g14_-8,0.0
cat__start_grid_g17_13,0.0
cat__start_grid_g17_15,0.0
cat__start_grid_g17_16,0.0
cat__start_grid_g17_2,0.0
cat__start_grid_g17_7,0.0
cat__start_grid_g17_8,0.0
cat__start_grid_g17_9,0.0
cat__start_grid_g16_-10,0.0
cat__start_grid_g181_25,0.0
cat__start_grid_g18_-1,0.0
cat__start_grid_g18_-11,0.0
cat__start_grid_g18_-17,0.0
cat__start_grid_g18_-23,0.0
cat__start_grid_g18_-3,0.0
cat__start_grid_g18_-5,0.0
cat__start_grid_g18_-6,0.0
cat__start_grid_g181_24,0.0
cat__start_grid_g16_-11,0.0
cat__start_grid_g16_-2,0.0
cat__start_grid_g16_-4,0.0
cat__start_grid_g16_-6,0.0
cat__start_grid_g16_-7,0.0
cat__start_grid_g16_0,0.0
cat__start_grid_g16_10,0.0
cat__start_grid_g16_11,0.0
cat__start_grid_g17_0,0.0
cat__start_grid_g16_13,0.0
cat__start_grid_g16_14,0.0
cat__start_grid_g16_17,0.0
cat__start_grid_g16_20,0.0
cat__start_grid_g16_3,0.0
cat__start_grid_g17_-1,0.0
cat__start_grid_g17_-3,0.0
cat__start_grid_g17_-7,0.0
cat__start_grid_g16_12,0.0
cat__end_grid_g13_23,0.0
cat__end_grid_g13_26,0.0
cat__end_grid_g13_27,0.0
cat__end_grid_g13_29,0.0
cat__end_grid_g13_37,0.0
cat__end_grid_g13_38,0.0
cat__end_grid_g13_85,0.0
cat__start_grid_g8_6,0.0
cat__end_grid_g146_-10,0.0
cat__end_grid_g146_-143,0.0
cat__end_grid_g147_-9,0.0
cat__end_grid_g149_126,0.0
cat__end_grid_g149_4,0.0
cat__end_grid_g14_-10,0.0
cat__end_grid_g14_-11,0.0
cat__end_grid_g14_-12,0.0
cat__end_grid_g13_90,0.0
cat__end_grid_g13_-3,0.0
cat__end_grid_g13_-48,0.0
cat__end_grid_g13_-5,0.0
cat__end_grid_g13_-57,0.0
cat__end_grid_g13_-6,0.0
cat__end_grid_g13_-7,0.0
cat__end_grid_g13_-8,0.0
cat__end_grid_g13_22,0.0
cat__end_grid_g13_11,0.0
cat__end_grid_g13_12,0.0
cat__end_grid_g13_13,0.0
cat__end_grid_g13_15,0.0
cat__end_grid_g13_18,0.0
cat__end_grid_g13_19,0.0
cat__end_grid_g13_20,0.0
cat__end_grid_g13_21,0.0
cat__end_grid_g13_-9,0.0
cat__end_grid_g14_17,0.0
cat__end_grid_g14_20,0.0
cat__end_grid_g14_21,0.0
cat__end_grid_g14_22,0.0
cat__end_grid_g14_23,0.0
cat__end_grid_g14_24,0.0
cat__end_grid_g14_25,0.0
cat__end_grid_g14_-13,0.0
cat__end_grid_g14_27,0.0
cat__end_grid_g14_34,0.0
cat__end_grid_g14_37,0.0
cat__end_grid_g14_39,0.0
cat__end_grid_g14_85,0.0
cat__end_grid_g154_-118,0.0
cat__end_grid_g154_37,0.0
cat__end_grid_g155_34,0.0
cat__end_grid_g14_26,0.0
cat__end_grid_g14_-15,0.0
cat__end_grid_g14_-17,0.0
cat__end_grid_g14_-177,0.0
cat__end_grid_g14_-18,0.0
cat__end_grid_g14_-2,0.0
cat__end_grid_g14_-25,0.0
cat__end_grid_g14_-3,0.0
cat__end_grid_g14_-4,0.0
cat__end_grid_g14_16,0.0
cat__end_grid_g14_-6,0.0
cat__end_grid_g14_-7,0.0
cat__end_grid_g14_-8,0.0
cat__end_grid_g14_-9,0.0
cat__end_grid_g14_12,0.0
cat__end_grid_g14_13,0.0
cat__end_grid_g14_14,0.0
cat__end_grid_g14_15,0.0
cat__end_grid_g14_-5,0.0
cat__end_grid_g11_88,0.0
cat__end_grid_g11_89,0.0
cat__end_grid_g120_-107,0.0
cat__end_grid_g120_95,0.0
cat__end_grid_g122_70,0.0
cat__end_grid_g12_-10,0.0
cat__end_grid_g12_-12,0.0
cat__end_grid_g13_-24,0.0
cat__end_grid_g12_-135,0.0
cat__end_grid_g12_-14,0.0
cat__end_grid_g12_-16,0.0
cat__end_grid_g12_-17,0.0
cat__end_grid_g12_-2,0.0
cat__end_grid_g12_-38,0.0
cat__end_grid_g12_-5,0.0
cat__end_grid_g12_-57,0.0
cat__end_grid_g12_-13,0.0
cat__end_grid_g11_-7,0.0
cat__end_grid_g11_-8,0.0
cat__end_grid_g11_-9,0.0
cat__end_grid_g11_10,0.0
cat__end_grid_g11_13,0.0
cat__end_grid_g11_14,0.0
cat__end_grid_g11_15,0.0
cat__end_grid_g11_16,0.0
cat__end_grid_g11_37,0.0
cat__end_grid_g11_18,0.0
cat__end_grid_g11_19,0.0
cat__end_grid_g11_22,0.0
cat__end_grid_g11_23,0.0
cat__end_grid_g11_26,0.0
cat__end_grid_g11_27,0.0
cat__end_grid_g11_28,0.0
cat__end_grid_g11_30,0.0
cat__end_grid_g11_17,0.0
cat__end_grid_g12_28,0.0
cat__end_grid_g12_29,0.0
cat__end_grid_g12_30,0.0
cat__end_grid_g12_31,0.0
cat__end_grid_g12_32,0.0
cat__end_grid_g12_37,0.0
cat__end_grid_g132_-8,0.0
cat__end_grid_g12_-6,0.0
cat__end_grid_g13_-1,0.0
cat__end_grid_g13_-11,0.0
cat__end_grid_g13_-12,0.0
cat__end_grid_g13_-13,0.0
cat__end_grid_g13_-14,0.0
cat__end_grid_g13_-15,0.0
cat__end_grid_g13_-18,0.0
cat__end_grid_g13_-20,0.0
cat__end_grid_g132_4,0.0
cat__end_grid_g12_-7,0.0
cat__end_grid_g12_-8,0.0
cat__end_grid_g12_10,0.0
cat__end_grid_g12_11,0.0
cat__end_grid_g12_12,0.0
cat__end_grid_g12_13,0.0
cat__end_grid_g12_14,0.0
cat__end_grid_g12_15,0.0
cat__end_grid_g12_27,0.0
cat__end_grid_g12_17,0.0
cat__end_grid_g12_18,0.0
cat__end_grid_g12_19,0.0
cat__end_grid_g12_21,0.0
cat__end_grid_g12_22,0.0
cat__end_grid_g12_23,0.0
cat__end_grid_g12_24,0.0
cat__end_grid_g12_26,0.0
cat__end_grid_g12_16,0.0
cat__end_grid_g17_13,0.0
cat__end_grid_g17_14,0.0
cat__end_grid_g17_15,0.0
cat__end_grid_g17_16,0.0
cat__end_grid_g17_19,0.0
cat__end_grid_g17_2,0.0
cat__end_grid_g17_20,0.0
cat__end_grid_g156_35,0.0
cat__end_grid_g17_26,0.0
cat__end_grid_g17_32,0.0
cat__end_grid_g17_38,0.0
cat__end_grid_g17_43,0.0
cat__end_grid_g17_6,0.0
cat__end_grid_g17_8,0.0
cat__end_grid_g17_9,0.0
cat__end_grid_g181_24,0.0
cat__end_grid_g17_21,0.0
cat__end_grid_g17_-142,0.0
cat__end_grid_g17_-16,0.0
cat__end_grid_g17_-17,0.0
cat__end_grid_g17_-18,0.0
cat__end_grid_g17_-19,0.0
cat__end_grid_g17_-2,0.0
cat__end_grid_g17_-22,0.0
cat__end_grid_g17_-29,0.0
cat__end_grid_g17_1,0.0
cat__end_grid_g17_-36,0.0
cat__end_grid_g17_-37,0.0
cat__end_grid_g17_-4,0.0
cat__end_grid_g17_-5,0.0
cat__end_grid_g17_-6,0.0
cat__end_grid_g17_-7,0.0
cat__end_grid_g17_-9,0.0
cat__end_grid_g17_0,0.0
cat__end_grid_g17_-3,0.0
cat__end_grid_g18_-9,0.0
cat__end_grid_g18_1,0.0
cat__end_grid_g18_11,0.0
cat__end_grid_g18_12,0.0
cat__end_grid_g18_13,0.0
cat__end_grid_g18_14,0.0
cat__end_grid_g18_15,0.0
cat__end_grid_g181_25,0.0
cat__end_grid_g18_17,0.0
cat__end_grid_g18_18,0.0
cat__end_grid_g18_19,0.0
cat__end_grid_g18_2,0.0
cat__end_grid_g18_20,0.0
cat__end_grid_g18_22,0.0
cat__end_grid_g18_26,0.0
cat__end_grid_g18_29,0.0
cat__end_grid_g18_16,0.0
cat__end_grid_g181_90,0.0
cat__end_grid_g185_111,0.0
cat__end_grid_g18_-1,0.0
cat__end_grid_g18_-10,0.0
cat__end_grid_g18_-11,0.0
cat__end_grid_g18_-13,0.0
cat__end_grid_g18_-16,0.0
cat__end_grid_g18_-17,0.0
cat__end_grid_g18_-8,0.0
cat__end_grid_g18_-2,0.0
cat__end_grid_g18_-20,0.0
cat__end_grid_g18_-3,0.0
cat__end_grid_g18_-4,0.0
cat__end_grid_g18_-49,0.0
cat__end_grid_g18_-5,0.0
cat__end_grid_g18_-6,0.0
cat__end_grid_g18_-7,0.0
cat__end_grid_g18_-19,0.0
cat__end_grid_g15_-5,0.0
cat__end_grid_g15_-6,0.0
cat__end_grid_g15_-7,0.0
cat__end_grid_g15_-8,0.0
cat__end_grid_g15_-9,0.0
cat__end_grid_g15_0,0.0
cat__end_grid_g15_10,0.0
cat__end_grid_g17_-14,0.0
cat__end_grid_g15_12,0.0
cat__end_grid_g15_13,0.0
cat__end_grid_g15_139,0.0
cat__end_grid_g15_14,0.0
cat__end_grid_g15_15,0.0
cat__end_grid_g15_16,0.0
cat__end_grid_g15_17,0.0
cat__end_grid_g15_18,0.0
cat__end_grid_g15_11,0.0
cat__end_grid_g157_37,0.0
cat__end_grid_g158_34,0.0
cat__end_grid_g159_35,0.0
cat__end_grid_g15_-1,0.0
cat__end_grid_g15_-10,0.0
cat__end_grid_g15_-103,0.0
cat__end_grid_g15_-11,0.0
cat__end_grid_g15_-12,0.0
cat__end_grid_g15_-40,0.0
cat__end_grid_g15_-18,0.0
cat__end_grid_g15_-2,0.0
cat__end_grid_g15_-20,0.0
cat__end_grid_g15_-25,0.0
cat__end_grid_g15_-3,0.0
cat__end_grid_g15_-37,0.0
cat__end_grid_g15_-38,0.0
cat__end_grid_g15_-4,0.0
cat__end_grid_g15_-17,0.0
cat__end_grid_g16_0,0.0
cat__end_grid_g16_11,0.0
cat__end_grid_g16_12,0.0
cat__end_grid_g16_13,0.0
cat__end_grid_g16_14,0.0
cat__end_grid_g16_15,0.0
cat__end_grid_g16_17,0.0
cat__end_grid_g15_19,0.0
cat__end_grid_g16_19,0.0
cat__end_grid_g16_22,0.0
cat__end_grid_g16_23,0.0
cat__end_grid_g16_24,0.0
cat__end_grid_g16_3,0.0
cat__end_grid_g173_80,0.0
cat__end_grid_g17_-1,0.0
cat__end_grid_g17_-10,0.0
cat__end_grid_g16_18,0.0
cat__end_grid_g15_20,0.0
cat__end_grid_g15_21,0.0
cat__end_grid_g15_22,0.0
cat__end_grid_g15_29,0.0
cat__end_grid_g15_36,0.0
cat__end_grid_g164_-124,0.0
cat__end_grid_g166_80,0.0
cat__end_grid_g16_-1,0.0
cat__end_grid_g16_-9,0.0
cat__end_grid_g16_-12,0.0
cat__end_grid_g16_-13,0.0
cat__end_grid_g16_-18,0.0
cat__end_grid_g16_-3,0.0
cat__end_grid_g16_-4,0.0
cat__end_grid_g16_-6,0.0
cat__end_grid_g16_-7,0.0
cat__end_grid_g16_-8,0.0
cat__end_grid_g16_-10,0.0
cat__end_grid_g-1_34,0.0
cat__end_grid_g-1_53,0.0
cat__end_grid_g-1_9,0.0
cat__end_grid_g-20_113,0.0
cat__end_grid_g-21_126,0.0
cat__end_grid_g-23_125,0.0
cat__end_grid_g-25_123,0.0
cat__end_grid_g11_-6,0.0
cat__end_grid_g-2_10,0.0
cat__end_grid_g-2_11,0.0
cat__end_grid_g-2_13,0.0
cat__end_grid_g-2_14,0.0
cat__end_grid_g-2_15,0.0
cat__end_grid_g-2_16,0.0
cat__end_grid_g-2_17,0.0
cat__end_grid_g-2_18,0.0
cat__end_grid_g-25_124,0.0
cat__end_grid_g-16_56,0.0
cat__end_grid_g-16_83,0.0
cat__end_grid_g-17_78,0.0
cat__end_grid_g-17_89,0.0
cat__end_grid_g-18_84,0.0
cat__end_grid_g-1_-144,0.0
cat__end_grid_g-1_10,0.0
cat__end_grid_g-1_11,0.0
cat__end_grid_g-1_33,0.0
cat__end_grid_g-1_13,0.0
cat__end_grid_g-1_14,0.0
cat__end_grid_g-1_16,0.0
cat__end_grid_g-1_17,0.0
cat__end_grid_g-1_18,0.0
cat__end_grid_g-1_19,0.0
cat__end_grid_g-1_20,0.0
cat__end_grid_g-1_32,0.0
cat__end_grid_g-1_12,0.0
cat__end_grid_g-3_24,0.0
cat__end_grid_g-3_37,0.0
cat__end_grid_g-3_39,0.0
cat__end_grid_g-3_40,0.0
cat__end_grid_g-3_49,0.0
cat__end_grid_g-3_8,0.0
cat__end_grid_g-4_-85,0.0
cat__end_grid_g-2_19,0.0
cat__end_grid_g-4_11,0.0
cat__end_grid_g-4_12,0.0
cat__end_grid_g-4_13,0.0
cat__end_grid_g-4_16,0.0
cat__end_grid_g-4_18,0.0
cat__end_grid_g-4_19,0.0
cat__end_grid_g-4_20,0.0
cat__end_grid_g-4_22,0.0
cat__end_grid_g-4_10,0.0
cat__end_grid_g-2_20,0.0
cat__end_grid_g-2_21,0.0
cat__end_grid_g-2_22,0.0
cat__end_grid_g-2_25,0.0
cat__end_grid_g-2_6,0.0
cat__end_grid_g-2_8,0.0
cat__end_grid_g-31_151,0.0
cat__end_grid_g-3_-153,0.0
cat__end_grid_g-3_23,0.0
cat__end_grid_g-3_11,0.0
cat__end_grid_g-3_14,0.0
cat__end_grid_g-3_15,0.0
cat__end_grid_g-3_17,0.0
cat__end_grid_g-3_18,0.0
cat__end_grid_g-3_19,0.0
cat__end_grid_g-3_21,0.0
cat__end_grid_g-3_22,0.0
cat__end_grid_g-3_10,0.0
cat__start_grid_g9_15,0.0
cat__start_grid_g9_16,0.0
cat__start_grid_g9_17,0.0
cat__start_grid_g9_18,0.0
cat__start_grid_g9_19,0.0
cat__start_grid_g9_20,0.0
cat__start_grid_g9_21,0.0
cat__end_grid_g-16_55,0.0
cat__start_grid_g9_23,0.0
cat__end_grid_g-10_37,0.0
cat__end_grid_g-10_38,0.0
cat__end_grid_g-10_46,0.0
cat__end_grid_g-10_47,0.0
cat__end_grid_g-10_48,0.0
cat__end_grid_g-10_49,0.0
cat__end_grid_g-10_50,0.0
cat__start_grid_g9_22,0.0
cat__start_grid_g8_7,0.0
cat__start_grid_g9_-12,0.0
cat__start_grid_g9_-13,0.0
cat__start_grid_g9_-15,0.0
cat__start_grid_g9_-2,0.0
cat__start_grid_g9_-3,0.0
cat__start_grid_g9_-4,0.0
cat__start_grid_g9_-5,0.0
cat__start_grid_g9_14,0.0
cat__start_grid_g9_-7,0.0
cat__start_grid_g9_-8,0.0
cat__start_grid_g9_-9,0.0
cat__start_grid_g9_0,0.0
cat__start_grid_g9_10,0.0
cat__start_grid_g9_11,0.0
cat__start_grid_g9_12,0.0
cat__start_grid_g9_13,0.0
cat__start_grid_g9_-6,0.0
cat__end_grid_g-12_54,0.0
cat__end_grid_g-12_55,0.0
cat__end_grid_g-12_57,0.0
cat__end_grid_g-12_60,0.0
cat__end_grid_g-13_50,0.0
cat__end_grid_g-13_53,0.0
cat__end_grid_g-13_54,0.0
cat__end_grid_g-10_51,0.0
cat__end_grid_g-14_53,0.0
cat__end_grid_g-14_54,0.0
cat__end_grid_g-14_56,0.0
cat__end_grid_g-15_53,0.0
cat__end_grid_g-15_54,0.0
cat__end_grid_g-15_55,0.0
cat__end_grid_g-15_58,0.0
cat__end_grid_g-16_54,0.0
cat__end_grid_g-14_52,0.0
cat__end_grid_g-10_55,0.0
cat__end_grid_g-10_61,0.0
cat__end_grid_g-10_80,0.0
cat__end_grid_g-11_178,0.0
cat__end_grid_g-11_45,0.0
cat__end_grid_g-11_46,0.0
cat__end_grid_g-11_47,0.0
cat__end_grid_g-11_48,0.0
cat__end_grid_g-12_53,0.0
cat__end_grid_g-11_51,0.0
cat__end_grid_g-11_57,0.0
cat__end_grid_g-11_59,0.0
cat__end_grid_g-11_89,0.0
cat__end_grid_g-12_109,0.0
cat__end_grid_g-12_45,0.0
cat__end_grid_g-12_49,0.0
cat__end_grid_g-12_52,0.0
cat__end_grid_g-11_49,0.0
cat__end_grid_g10_-29,0.0
cat__end_grid_g10_-30,0.0
cat__end_grid_g10_-31,0.0
cat__end_grid_g10_-4,0.0
cat__end_grid_g10_-5,0.0
cat__end_grid_g10_-58,0.0
cat__end_grid_g10_-6,0.0
cat__end_grid_g-4_24,0.0
cat__end_grid_g10_-8,0.0
cat__end_grid_g10_-9,0.0
cat__end_grid_g10_10,0.0
cat__end_grid_g10_11,0.0
cat__end_grid_g10_12,0.0
cat__end_grid_g10_13,0.0
cat__end_grid_g10_14,0.0
cat__end_grid_g10_15,0.0
cat__end_grid_g10_-7,0.0
cat__end_grid_g0_7,0.0
cat__end_grid_g0_8,0.0
cat__end_grid_g101_-109,0.0
cat__end_grid_g102_-10,0.0
cat__end_grid_g102_28,0.0
cat__end_grid_g104_-47,0.0
cat__end_grid_g108_4,0.0
cat__end_grid_g109_26,0.0
cat__end_grid_g10_-24,0.0
cat__end_grid_g10_-11,0.0
cat__end_grid_g10_-12,0.0
cat__end_grid_g10_-14,0.0
cat__end_grid_g10_-16,0.0
cat__end_grid_g10_-19,0.0
cat__end_grid_g10_-2,0.0
cat__end_grid_g10_-20,0.0
cat__end_grid_g10_-23,0.0
cat__end_grid_g10_-10,0.0
cat__end_grid_g115_-92,0.0
cat__end_grid_g115_25,0.0
cat__end_grid_g115_30,0.0
cat__end_grid_g117_27,0.0
cat__end_grid_g11_-10,0.0
cat__end_grid_g11_-13,0.0
cat__end_grid_g11_-14,0.0
cat__end_grid_g10_16,0.0
cat__end_grid_g11_-20,0.0
cat__end_grid_g11_-25,0.0
cat__end_grid_g11_-26,0.0
cat__end_grid_g11_-28,0.0
cat__end_grid_g11_-34,0.0
cat__end_grid_g11_-48,0.0
cat__end_grid_g11_-5,0.0
cat__end_grid_g11_-54,0.0
cat__end_grid_g11_-17,0.0
cat__end_grid_g10_17,0.0
cat__end_grid_g10_18,0.0
cat__end_grid_g10_19,0.0
cat__end_grid_g10_20,0.0
cat__end_grid_g10_21,0.0
cat__end_grid_g10_22,0.0
cat__end_grid_g10_222,0.0
cat__end_grid_g10_23,0.0
cat__end_grid_g114_19,0.0
cat__end_grid_g10_26,0.0
cat__end_grid_g10_27,0.0
cat__end_grid_g10_28,0.0
cat__end_grid_g10_29,0.0
cat__end_grid_g10_38,0.0
cat__end_grid_g10_86,0.0
cat__end_grid_g10_87,0.0
cat__end_grid_g10_9,0.0
cat__end_grid_g10_24,0.0
cat__end_grid_g-6_18,0.0
cat__end_grid_g-6_19,0.0
cat__end_grid_g-6_20,0.0
cat__end_grid_g-6_26,0.0
cat__end_grid_g-6_39,0.0
cat__end_grid_g-6_42,0.0
cat__end_grid_g-6_44,0.0
cat__end_grid_g0_6,0.0
cat__end_grid_g-7_20,0.0
cat__end_grid_g-7_21,0.0
cat__end_grid_g-7_22,0.0
cat__end_grid_g-7_23,0.0
cat__end_grid_g-7_24,0.0
cat__end_grid_g-7_27,0.0
cat__end_grid_g-7_28,0.0
cat__end_grid_g-7_30,0.0
cat__end_grid_g-6_65,0.0
cat__end_grid_g-4_26,0.0
cat__end_grid_g-4_32,0.0
cat__end_grid_g-4_35,0.0
cat__end_grid_g-5_12,0.0
cat__end_grid_g-5_13,0.0
cat__end_grid_g-5_14,0.0
cat__end_grid_g-5_18,0.0
cat__end_grid_g-5_19,0.0
cat__end_grid_g-6_17,0.0
cat__end_grid_g-5_26,0.0
cat__end_grid_g-5_36,0.0
cat__end_grid_g-5_42,0.0
cat__end_grid_g-5_46,0.0
cat__end_grid_g-6_108,0.0
cat__end_grid_g-6_14,0.0
cat__end_grid_g-6_15,0.0
cat__end_grid_g-6_16,0.0
cat__end_grid_g-5_20,0.0
cat__end_grid_g-9_51,0.0
cat__end_grid_g-9_75,0.0
cat__end_grid_g0_11,0.0
cat__end_grid_g0_12,0.0
cat__end_grid_g0_13,0.0
cat__end_grid_g0_15,0.0
cat__end_grid_g0_16,0.0
cat__end_grid_g-7_35,0.0
cat__end_grid_g0_19,0.0
cat__end_grid_g0_20,0.0
cat__end_grid_g0_29,0.0
cat__end_grid_g0_32,0.0
cat__end_grid_g0_33,0.0
cat__end_grid_g0_44,0.0
cat__end_grid_g0_5,0.0
cat__end_grid_g0_58,0.0
cat__end_grid_g0_17,0.0
cat__end_grid_g-7_42,0.0
cat__end_grid_g-7_43,0.0
cat__end_grid_g-7_68,0.0
cat__end_grid_g-8_23,0.0
cat__end_grid_g-8_28,0.0
cat__end_grid_g-8_29,0.0
cat__end_grid_g-8_30,0.0
cat__end_grid_g-8_37,0.0
cat__end_grid_g-9_48,0.0
cat__end_grid_g-8_43,0.0
cat__end_grid_g-8_52,0.0
cat__end_grid_g-9_36,0.0
cat__end_grid_g-9_38,0.0
cat__end_grid_g-9_43,0.0
cat__end_grid_g-9_44,0.0
cat__end_grid_g-9_45,0.0
cat__end_grid_g-9_47,0.0
cat__end_grid_g-8_38,0.0
