time_slot,end_grid,dropoff_count
evening_peak,g-10_38,2
evening_peak,g-10_46,2
evening_peak,g-10_47,1
evening_peak,g-10_50,1
evening_peak,g-11_178,1
evening_peak,g-11_46,1
evening_peak,g-11_48,1
evening_peak,g-11_55,1
evening_peak,g-11_89,1
evening_peak,g-12_45,1
evening_peak,g-12_52,1
evening_peak,g-12_57,1
evening_peak,g-12_60,1
evening_peak,g-13_49,1
evening_peak,g-13_53,1
evening_peak,g-14_53,4
evening_peak,g-14_54,1
evening_peak,g-14_56,2
evening_peak,g-15_53,1
evening_peak,g-15_54,2
evening_peak,g-15_57,1
evening_peak,g-15_58,1
evening_peak,g-16_121,1
evening_peak,g-16_56,1
evening_peak,g-17_78,1
evening_peak,g-18_84,2
evening_peak,g-1_10,17
evening_peak,g-1_12,3
evening_peak,g-1_13,1
evening_peak,g-1_14,1
evening_peak,g-1_15,49
evening_peak,g-1_16,1
evening_peak,g-1_18,4
evening_peak,g-1_4,57
evening_peak,g-1_5,35
evening_peak,g-1_53,1
evening_peak,g-1_6,37
evening_peak,g-1_7,57
evening_peak,g-1_8,53
evening_peak,g-1_9,45
evening_peak,g-20_126,1
evening_peak,g-23_125,1
evening_peak,g-28_-220,1
evening_peak,g-2_10,27
evening_peak,g-2_11,1
evening_peak,g-2_12,30
evening_peak,g-2_13,3
evening_peak,g-2_14,21
evening_peak,g-2_15,13
evening_peak,g-2_16,1
evening_peak,g-2_17,2
evening_peak,g-2_20,3
evening_peak,g-2_21,1
evening_peak,g-2_22,10
evening_peak,g-2_24,1
evening_peak,g-2_6,46
evening_peak,g-2_7,41
evening_peak,g-2_8,53
evening_peak,g-2_9,182
evening_peak,g-3_-153,1
evening_peak,g-3_10,40
evening_peak,g-3_11,32
evening_peak,g-3_12,15
evening_peak,g-3_13,10
evening_peak,g-3_15,2
evening_peak,g-3_16,1
evening_peak,g-3_17,4
evening_peak,g-3_18,1
evening_peak,g-3_19,1
evening_peak,g-3_22,3
evening_peak,g-3_23,1
evening_peak,g-3_35,1
evening_peak,g-3_40,1
evening_peak,g-3_9,51
evening_peak,g-4_10,8
evening_peak,g-4_11,20
evening_peak,g-4_12,9
evening_peak,g-4_13,8
evening_peak,g-4_26,1
evening_peak,g-4_32,1
evening_peak,g-4_35,2
evening_peak,g-5_12,7
evening_peak,g-5_13,24
evening_peak,g-5_14,2
evening_peak,g-5_18,6
evening_peak,g-5_26,1
evening_peak,g-5_36,3
evening_peak,g-6_15,12
evening_peak,g-6_26,2
evening_peak,g-6_42,4
evening_peak,g-6_65,1
evening_peak,g-7_21,1
evening_peak,g-7_23,4
evening_peak,g-7_28,2
evening_peak,g-7_43,1
evening_peak,g-8_23,3
evening_peak,g-8_28,1
evening_peak,g-8_29,1
evening_peak,g-8_30,2
evening_peak,g-8_37,2
evening_peak,g-9_38,1
evening_peak,g-9_47,2
evening_peak,g-9_75,1
evening_peak,g0_10,21
evening_peak,g0_11,2
evening_peak,g0_12,1
evening_peak,g0_15,1
evening_peak,g0_18,7
evening_peak,g0_19,2
evening_peak,g0_2,27
evening_peak,g0_20,1
evening_peak,g0_3,252
evening_peak,g0_32,1
evening_peak,g0_4,149
evening_peak,g0_5,19
evening_peak,g0_6,12
evening_peak,g0_7,12
evening_peak,g0_8,39
evening_peak,g0_9,46
evening_peak,g101_-109,1
evening_peak,g102_-10,1
evening_peak,g109_26,1
evening_peak,g10_-1,139
evening_peak,g10_-10,1
evening_peak,g10_-11,1
evening_peak,g10_-14,2
evening_peak,g10_-2,11
evening_peak,g10_-20,1
evening_peak,g10_-3,199
evening_peak,g10_-30,1
evening_peak,g10_-4,7
evening_peak,g10_-5,37
evening_peak,g10_-6,1
evening_peak,g10_-7,9
evening_peak,g10_-9,4
evening_peak,g10_0,108
evening_peak,g10_1,559
evening_peak,g10_10,5
evening_peak,g10_11,4
evening_peak,g10_12,9
evening_peak,g10_13,2
evening_peak,g10_15,1
evening_peak,g10_18,3
evening_peak,g10_19,20
evening_peak,g10_2,477
evening_peak,g10_20,17
evening_peak,g10_21,8
evening_peak,g10_22,1
evening_peak,g10_23,3
evening_peak,g10_24,1
evening_peak,g10_28,2
evening_peak,g10_29,1
evening_peak,g10_3,306
evening_peak,g10_4,171
evening_peak,g10_5,273
evening_peak,g10_6,146
evening_peak,g10_7,76
evening_peak,g10_8,44
evening_peak,g10_9,2
evening_peak,g112_10,1
evening_peak,g114_19,1
evening_peak,g11_-1,336
evening_peak,g11_-17,1
evening_peak,g11_-2,154
evening_peak,g11_-3,34
evening_peak,g11_-34,1
evening_peak,g11_-4,67
evening_peak,g11_-5,4
evening_peak,g11_-6,21
evening_peak,g11_-7,4
evening_peak,g11_-9,2
evening_peak,g11_0,1118
evening_peak,g11_1,1078
evening_peak,g11_10,21
evening_peak,g11_11,18
evening_peak,g11_12,19
evening_peak,g11_13,5
evening_peak,g11_14,5
evening_peak,g11_15,7
evening_peak,g11_16,2
evening_peak,g11_17,4
evening_peak,g11_18,7
evening_peak,g11_19,13
evening_peak,g11_2,581
evening_peak,g11_20,12
evening_peak,g11_21,11
evening_peak,g11_22,1
evening_peak,g11_23,1
evening_peak,g11_26,1
evening_peak,g11_27,1
evening_peak,g11_28,3
evening_peak,g11_3,263
evening_peak,g11_30,1
evening_peak,g11_37,1
evening_peak,g11_4,193
evening_peak,g11_5,275
evening_peak,g11_6,182
evening_peak,g11_7,148
evening_peak,g11_8,149
evening_peak,g11_9,64
evening_peak,g120_-107,1
evening_peak,g120_95,1
evening_peak,g12_-1,95
evening_peak,g12_-14,1
evening_peak,g12_-17,1
evening_peak,g12_-2,52
evening_peak,g12_-3,134
evening_peak,g12_-4,57
evening_peak,g12_-5,21
evening_peak,g12_-57,1
evening_peak,g12_-6,31
evening_peak,g12_-7,3
evening_peak,g12_-8,4
evening_peak,g12_0,503
evening_peak,g12_1,1622
evening_peak,g12_10,16
evening_peak,g12_11,15
evening_peak,g12_12,30
evening_peak,g12_13,8
evening_peak,g12_15,3
evening_peak,g12_16,3
evening_peak,g12_17,4
evening_peak,g12_18,6
evening_peak,g12_19,5
evening_peak,g12_2,921
evening_peak,g12_21,1
evening_peak,g12_22,5
evening_peak,g12_23,2
evening_peak,g12_24,3
evening_peak,g12_26,1
evening_peak,g12_28,4
evening_peak,g12_29,1
evening_peak,g12_3,425
evening_peak,g12_4,380
evening_peak,g12_5,286
evening_peak,g12_6,177
evening_peak,g12_7,124
evening_peak,g12_8,126
evening_peak,g12_9,23
evening_peak,g132_4,1
evening_peak,g13_-1,36
evening_peak,g13_-10,5
evening_peak,g13_-11,1
evening_peak,g13_-12,2
evening_peak,g13_-13,2
evening_peak,g13_-15,2
evening_peak,g13_-17,1
evening_peak,g13_-18,2
evening_peak,g13_-2,17
evening_peak,g13_-24,1
evening_peak,g13_-3,11
evening_peak,g13_-4,74
evening_peak,g13_-5,6
evening_peak,g13_-57,1
evening_peak,g13_-6,13
evening_peak,g13_-7,6
evening_peak,g13_-8,5
evening_peak,g13_0,34
evening_peak,g13_1,387
evening_peak,g13_10,33
evening_peak,g13_11,6
evening_peak,g13_12,8
evening_peak,g13_13,2
evening_peak,g13_14,11
evening_peak,g13_15,3
evening_peak,g13_17,8
evening_peak,g13_18,2
evening_peak,g13_19,2
evening_peak,g13_2,331
evening_peak,g13_20,1
evening_peak,g13_21,1
evening_peak,g13_22,1
evening_peak,g13_23,1
evening_peak,g13_3,317
evening_peak,g13_38,1
evening_peak,g13_4,399
evening_peak,g13_5,196
evening_peak,g13_6,105
evening_peak,g13_7,29
evening_peak,g13_8,29
evening_peak,g13_9,364
evening_peak,g145_-9,1
evening_peak,g146_-10,1
evening_peak,g14_-1,47
evening_peak,g14_-10,1
evening_peak,g14_-11,3
evening_peak,g14_-12,1
evening_peak,g14_-17,2
evening_peak,g14_-18,1
evening_peak,g14_-2,14
evening_peak,g14_-3,8
evening_peak,g14_-4,6
evening_peak,g14_-5,2
evening_peak,g14_-6,2
evening_peak,g14_-7,9
evening_peak,g14_-8,3
evening_peak,g14_-9,3
evening_peak,g14_0,42
evening_peak,g14_1,137
evening_peak,g14_10,101
evening_peak,g14_11,21
evening_peak,g14_12,3
evening_peak,g14_13,3
evening_peak,g14_14,6
evening_peak,g14_16,1
evening_peak,g14_17,1
evening_peak,g14_2,355
evening_peak,g14_20,1
evening_peak,g14_21,2
evening_peak,g14_23,1
evening_peak,g14_3,193
evening_peak,g14_34,1
evening_peak,g14_4,246
evening_peak,g14_5,163
evening_peak,g14_6,152
evening_peak,g14_7,67
evening_peak,g14_8,57
evening_peak,g14_9,64
evening_peak,g154_37,1
evening_peak,g157_37,1
evening_peak,g15_-1,1
evening_peak,g15_-10,7
evening_peak,g15_-103,1
evening_peak,g15_-11,1
evening_peak,g15_-18,2
evening_peak,g15_-2,1
evening_peak,g15_-25,1
evening_peak,g15_-3,13
evening_peak,g15_-37,1
evening_peak,g15_-4,25
evening_peak,g15_-5,4
evening_peak,g15_-6,8
evening_peak,g15_-7,1
evening_peak,g15_-8,16
evening_peak,g15_-9,9
evening_peak,g15_0,14
evening_peak,g15_1,76
evening_peak,g15_10,16
evening_peak,g15_11,8
evening_peak,g15_12,1
evening_peak,g15_13,2
evening_peak,g15_14,3
evening_peak,g15_15,1
evening_peak,g15_16,1
evening_peak,g15_17,3
evening_peak,g15_19,3
evening_peak,g15_2,127
evening_peak,g15_20,8
evening_peak,g15_22,2
evening_peak,g15_29,1
evening_peak,g15_3,56
evening_peak,g15_36,1
evening_peak,g15_4,140
evening_peak,g15_5,315
evening_peak,g15_6,146
evening_peak,g15_7,120
evening_peak,g15_8,75
evening_peak,g15_9,48
evening_peak,g16_-10,2
evening_peak,g16_-13,1
evening_peak,g16_-2,6
evening_peak,g16_-3,2
evening_peak,g16_-4,8
evening_peak,g16_-5,9
evening_peak,g16_-6,6
evening_peak,g16_-7,5
evening_peak,g16_-8,1
evening_peak,g16_-9,2
evening_peak,g16_0,4
evening_peak,g16_1,47
evening_peak,g16_10,54
evening_peak,g16_11,10
evening_peak,g16_12,8
evening_peak,g16_13,10
evening_peak,g16_14,2
evening_peak,g16_15,1
evening_peak,g16_17,1
evening_peak,g16_19,2
evening_peak,g16_2,1119
evening_peak,g16_22,2
evening_peak,g16_24,1
evening_peak,g16_3,22
evening_peak,g16_4,64
evening_peak,g16_5,315
evening_peak,g16_6,130
evening_peak,g16_7,121
evening_peak,g16_8,178
evening_peak,g16_9,175
evening_peak,g173_80,1
evening_peak,g17_-1,2
evening_peak,g17_-10,3
evening_peak,g17_-16,1
evening_peak,g17_-18,2
evening_peak,g17_-2,6
evening_peak,g17_-3,11
evening_peak,g17_-4,3
evening_peak,g17_-5,7
evening_peak,g17_-6,1
evening_peak,g17_-7,4
evening_peak,g17_-9,1
evening_peak,g17_0,9
evening_peak,g17_1,52
evening_peak,g17_10,47
evening_peak,g17_11,45
evening_peak,g17_12,34
evening_peak,g17_13,12
evening_peak,g17_14,3
evening_peak,g17_15,4
evening_peak,g17_19,2
evening_peak,g17_2,14
evening_peak,g17_21,1
evening_peak,g17_3,82
evening_peak,g17_38,1
evening_peak,g17_4,161
evening_peak,g17_5,54
evening_peak,g17_6,54
evening_peak,g17_7,28
evening_peak,g17_8,24
evening_peak,g17_9,36
evening_peak,g181_24,3
evening_peak,g181_25,1
evening_peak,g181_90,1
evening_peak,g18_-1,8
evening_peak,g18_-10,2
evening_peak,g18_-16,2
evening_peak,g18_-17,5
evening_peak,g18_-20,1
evening_peak,g18_-23,1
evening_peak,g18_-27,1
evening_peak,g18_-3,1
evening_peak,g18_-4,2
evening_peak,g18_-5,1
evening_peak,g18_-7,1
evening_peak,g18_-9,2
evening_peak,g18_0,222
evening_peak,g18_1,16
evening_peak,g18_10,13
evening_peak,g18_11,16
evening_peak,g18_12,17
evening_peak,g18_13,18
evening_peak,g18_14,17
evening_peak,g18_15,7
evening_peak,g18_16,3
evening_peak,g18_17,1
evening_peak,g18_18,1
evening_peak,g18_2,15
evening_peak,g18_29,1
evening_peak,g18_3,27
evening_peak,g18_4,99
evening_peak,g18_41,1
evening_peak,g18_5,64
evening_peak,g18_6,56
evening_peak,g18_7,3
evening_peak,g18_8,39
evening_peak,g18_9,40
evening_peak,g19_-1,18
evening_peak,g19_-15,1
evening_peak,g19_-17,1
evening_peak,g19_-19,2
evening_peak,g19_-2,10
evening_peak,g19_-24,1
evening_peak,g19_-31,1
evening_peak,g19_-6,2
evening_peak,g19_-8,2
evening_peak,g19_0,29
evening_peak,g19_1,16
evening_peak,g19_10,3
evening_peak,g19_11,8
evening_peak,g19_12,17
evening_peak,g19_14,8
evening_peak,g19_15,11
evening_peak,g19_16,4
evening_peak,g19_18,1
evening_peak,g19_19,1
evening_peak,g19_2,43
evening_peak,g19_3,104
evening_peak,g19_4,37
evening_peak,g19_45,1
evening_peak,g19_5,21
evening_peak,g19_6,45
evening_peak,g19_7,130
evening_peak,g19_8,63
evening_peak,g19_9,24
evening_peak,g1_10,5
evening_peak,g1_11,3
evening_peak,g1_12,9
evening_peak,g1_13,8
evening_peak,g1_16,1
evening_peak,g1_17,3
evening_peak,g1_2,267
evening_peak,g1_21,1
evening_peak,g1_22,1
evening_peak,g1_3,169
evening_peak,g1_4,33
evening_peak,g1_5,64
evening_peak,g1_6,7
evening_peak,g1_63,1
evening_peak,g1_7,12
evening_peak,g1_8,17
evening_peak,g1_9,65
evening_peak,g20_-1,42
evening_peak,g20_-2,15
evening_peak,g20_-22,1
evening_peak,g20_-24,1
evening_peak,g20_-25,1
evening_peak,g20_-3,19
evening_peak,g20_-35,1
evening_peak,g20_-48,1
evening_peak,g20_-5,1
evening_peak,g20_-51,1
evening_peak,g20_-6,3
evening_peak,g20_0,21
evening_peak,g20_1,11
evening_peak,g20_10,13
evening_peak,g20_11,13
evening_peak,g20_13,3
evening_peak,g20_14,11
evening_peak,g20_15,7
evening_peak,g20_16,9
evening_peak,g20_17,17
evening_peak,g20_18,2
evening_peak,g20_2,3
evening_peak,g20_3,15
evening_peak,g20_4,4
evening_peak,g20_6,41
evening_peak,g20_7,14
evening_peak,g20_8,25
evening_peak,g20_9,10
evening_peak,g21_-1,7
evening_peak,g21_-10,1
evening_peak,g21_-2,1
evening_peak,g21_-28,1
evening_peak,g21_-3,1
evening_peak,g21_-4,1
evening_peak,g21_-5,1
evening_peak,g21_-6,1
evening_peak,g21_-7,1
evening_peak,g21_-8,1
evening_peak,g21_-9,5
evening_peak,g21_0,18
evening_peak,g21_1,24
evening_peak,g21_10,21
evening_peak,g21_11,3
evening_peak,g21_14,10
evening_peak,g21_15,11
evening_peak,g21_16,13
evening_peak,g21_17,15
evening_peak,g21_2,7
evening_peak,g21_20,1
evening_peak,g21_3,3
evening_peak,g21_4,24
evening_peak,g21_44,1
evening_peak,g21_5,27
evening_peak,g21_6,19
evening_peak,g21_7,23
evening_peak,g21_8,19
evening_peak,g21_9,17
evening_peak,g22_-1,1
evening_peak,g22_-10,3
evening_peak,g22_-17,1
evening_peak,g22_-2,1
evening_peak,g22_-31,2
evening_peak,g22_-4,1
evening_peak,g22_-47,1
evening_peak,g22_0,11
evening_peak,g22_1,9
evening_peak,g22_11,9
evening_peak,g22_13,1
evening_peak,g22_14,10
evening_peak,g22_15,17
evening_peak,g22_16,8
evening_peak,g22_17,9
evening_peak,g22_18,4
evening_peak,g22_19,2
evening_peak,g22_2,2
evening_peak,g22_20,2
evening_peak,g22_21,4
evening_peak,g22_22,2
evening_peak,g22_23,1
evening_peak,g22_33,1
evening_peak,g22_4,9
evening_peak,g22_5,7
evening_peak,g22_6,14
evening_peak,g22_7,25
evening_peak,g22_8,14
evening_peak,g22_9,1
evening_peak,g234_137,1
evening_peak,g23_-1,2
evening_peak,g23_-12,1
evening_peak,g23_-19,1
evening_peak,g23_-3,3
evening_peak,g23_-4,6
evening_peak,g23_-48,2
evening_peak,g23_-5,1
evening_peak,g23_-84,1
evening_peak,g23_0,2
evening_peak,g23_1,3
evening_peak,g23_10,3
evening_peak,g23_11,4
evening_peak,g23_12,3
evening_peak,g23_14,3
evening_peak,g23_15,5
evening_peak,g23_16,3
evening_peak,g23_17,4
evening_peak,g23_18,3
evening_peak,g23_2,2
evening_peak,g23_20,2
evening_peak,g23_27,1
evening_peak,g23_3,2
evening_peak,g23_5,20
evening_peak,g23_6,6
evening_peak,g23_7,6
evening_peak,g23_8,19
evening_peak,g23_9,1
evening_peak,g24_-1,14
evening_peak,g24_-10,1
evening_peak,g24_-13,1
evening_peak,g24_-2,4
evening_peak,g24_-3,2
evening_peak,g24_-36,1
evening_peak,g24_-4,1
evening_peak,g24_-7,4
evening_peak,g24_0,8
evening_peak,g24_1,10
evening_peak,g24_10,7
evening_peak,g24_11,5
evening_peak,g24_15,1
evening_peak,g24_17,2
evening_peak,g24_18,1
evening_peak,g24_19,1
evening_peak,g24_2,4
evening_peak,g24_20,1
evening_peak,g24_21,2
evening_peak,g24_23,2
evening_peak,g24_3,1
evening_peak,g24_5,4
evening_peak,g24_6,4
evening_peak,g24_7,5
evening_peak,g24_9,6
evening_peak,g25_-1,16
evening_peak,g25_-16,1
evening_peak,g25_-23,1
evening_peak,g25_-7,3
evening_peak,g25_-8,1
evening_peak,g25_0,12
evening_peak,g25_1,5
evening_peak,g25_10,2
evening_peak,g25_14,1
evening_peak,g25_15,2
evening_peak,g25_18,2
evening_peak,g25_19,2
evening_peak,g25_2,4
evening_peak,g25_22,1
evening_peak,g25_3,2
evening_peak,g25_4,3
evening_peak,g25_5,7
evening_peak,g25_6,1
evening_peak,g25_7,3
evening_peak,g25_9,3
evening_peak,g26_-1,4
evening_peak,g26_-4,5
evening_peak,g26_0,5
evening_peak,g26_1,4
evening_peak,g26_10,1
evening_peak,g26_11,6
evening_peak,g26_12,3
evening_peak,g26_19,1
evening_peak,g26_23,1
evening_peak,g26_3,2
evening_peak,g26_30,1
evening_peak,g26_4,3
evening_peak,g26_5,6
evening_peak,g26_6,1
evening_peak,g26_61,1
evening_peak,g26_7,9
evening_peak,g26_8,3
evening_peak,g26_9,8
evening_peak,g27_-10,1
evening_peak,g27_-13,1
evening_peak,g27_-3,2
evening_peak,g27_-6,1
evening_peak,g27_-7,4
evening_peak,g27_0,3
evening_peak,g27_1,2
evening_peak,g27_11,2
evening_peak,g27_12,1
evening_peak,g27_2,1
evening_peak,g27_3,1
evening_peak,g27_4,16
evening_peak,g27_42,1
evening_peak,g27_5,5
evening_peak,g27_58,1
evening_peak,g27_6,4
evening_peak,g27_7,2
evening_peak,g28_-4,1
evening_peak,g28_-5,2
evening_peak,g28_11,2
evening_peak,g28_12,2
evening_peak,g28_13,2
evening_peak,g28_15,2
evening_peak,g28_2,2
evening_peak,g28_42,1
evening_peak,g28_5,2
evening_peak,g28_54,1
evening_peak,g28_6,1
evening_peak,g29_-13,1
evening_peak,g29_-7,1
evening_peak,g29_0,2
evening_peak,g29_10,4
evening_peak,g29_11,4
evening_peak,g29_12,1
evening_peak,g29_13,3
evening_peak,g29_15,1
evening_peak,g29_2,4
evening_peak,g29_207,1
evening_peak,g29_3,3
evening_peak,g29_4,1
evening_peak,g29_5,2
evening_peak,g29_6,1
evening_peak,g2_-2,16
evening_peak,g2_-3,15
evening_peak,g2_-4,5
evening_peak,g2_-5,1
evening_peak,g2_1,18
evening_peak,g2_10,15
evening_peak,g2_11,13
evening_peak,g2_12,3
evening_peak,g2_13,7
evening_peak,g2_14,3
evening_peak,g2_15,2
evening_peak,g2_18,1
evening_peak,g2_19,2
evening_peak,g2_2,118
evening_peak,g2_20,2
evening_peak,g2_21,887
evening_peak,g2_22,90
evening_peak,g2_23,2
evening_peak,g2_24,1
evening_peak,g2_3,142
evening_peak,g2_4,68
evening_peak,g2_5,113
evening_peak,g2_6,63
evening_peak,g2_7,55
evening_peak,g2_8,109
evening_peak,g2_9,31
evening_peak,g30_1,5
evening_peak,g30_10,5
evening_peak,g30_11,5
evening_peak,g30_12,2
evening_peak,g30_15,1
evening_peak,g30_2,7
evening_peak,g30_62,1
evening_peak,g31_10,1
evening_peak,g31_11,1
evening_peak,g31_12,12
evening_peak,g31_13,1
evening_peak,g32_-11,1
evening_peak,g32_94,1
evening_peak,g33_-19,1
evening_peak,g33_-6,1
evening_peak,g33_-68,1
evening_peak,g33_-7,1
evening_peak,g33_44,1
evening_peak,g34_-17,1
evening_peak,g34_-78,1
evening_peak,g34_44,1
evening_peak,g34_45,2
evening_peak,g35_-127,1
evening_peak,g35_-14,1
evening_peak,g35_-50,1
evening_peak,g35_13,1
evening_peak,g35_44,2
evening_peak,g35_47,1
evening_peak,g36_-15,1
evening_peak,g36_-29,1
evening_peak,g37_58,1
evening_peak,g38_-61,1
evening_peak,g38_-8,1
evening_peak,g3_-1,3
evening_peak,g3_-2,8
evening_peak,g3_-3,5
evening_peak,g3_-4,5
evening_peak,g3_-5,3
evening_peak,g3_-6,2
evening_peak,g3_-7,4
evening_peak,g3_-8,5
evening_peak,g3_-9,1
evening_peak,g3_1,23
evening_peak,g3_10,21
evening_peak,g3_11,13
evening_peak,g3_12,6
evening_peak,g3_13,3
evening_peak,g3_15,1
evening_peak,g3_18,3
evening_peak,g3_19,1
evening_peak,g3_2,90
evening_peak,g3_20,5
evening_peak,g3_21,2
evening_peak,g3_22,3
evening_peak,g3_23,2
evening_peak,g3_24,4
evening_peak,g3_25,1
evening_peak,g3_26,1
evening_peak,g3_28,1
evening_peak,g3_3,162
evening_peak,g3_4,133
evening_peak,g3_5,172
evening_peak,g3_6,65
evening_peak,g3_7,84
evening_peak,g3_8,49
evening_peak,g3_9,33
evening_peak,g40_-204,1
evening_peak,g41_21,1
evening_peak,g42_-50,1
evening_peak,g42_90,1
evening_peak,g42_92,1
evening_peak,g43_91,1
evening_peak,g44_90,1
evening_peak,g45_90,1
evening_peak,g46_20,1
evening_peak,g46_93,1
evening_peak,g47_46,1
evening_peak,g47_48,1
evening_peak,g47_49,2
evening_peak,g48_93,2
evening_peak,g4_-1,3
evening_peak,g4_-11,1
evening_peak,g4_-111,1
evening_peak,g4_-114,1
evening_peak,g4_-12,2
evening_peak,g4_-14,3
evening_peak,g4_-15,4
evening_peak,g4_-16,1
evening_peak,g4_-2,7
evening_peak,g4_-21,1
evening_peak,g4_-3,6
evening_peak,g4_-4,7
evening_peak,g4_-41,1
evening_peak,g4_-5,3
evening_peak,g4_-6,3
evening_peak,g4_-7,8
evening_peak,g4_-8,2
evening_peak,g4_1,2
evening_peak,g4_10,24
evening_peak,g4_11,18
evening_peak,g4_12,6
evening_peak,g4_13,5
evening_peak,g4_14,1
evening_peak,g4_15,1
evening_peak,g4_16,1
evening_peak,g4_18,1
evening_peak,g4_2,131
evening_peak,g4_22,2
evening_peak,g4_25,6
evening_peak,g4_3,228
evening_peak,g4_4,66
evening_peak,g4_5,101
evening_peak,g4_6,111
evening_peak,g4_7,102
evening_peak,g4_8,46
evening_peak,g4_9,449
evening_peak,g53_32,2
evening_peak,g55_31,1
evening_peak,g55_85,1
evening_peak,g57_13,1
evening_peak,g57_53,1
evening_peak,g57_64,1
evening_peak,g57_92,1
evening_peak,g59_14,3
evening_peak,g59_15,9
evening_peak,g59_16,1
evening_peak,g59_47,1
evening_peak,g5_-1,6
evening_peak,g5_-10,8
evening_peak,g5_-11,7
evening_peak,g5_-112,1
evening_peak,g5_-12,1
evening_peak,g5_-13,3
evening_peak,g5_-14,3
evening_peak,g5_-15,2
evening_peak,g5_-16,1
evening_peak,g5_-17,2
evening_peak,g5_-2,15
evening_peak,g5_-20,1
evening_peak,g5_-21,1
evening_peak,g5_-22,1
evening_peak,g5_-3,6
evening_peak,g5_-4,5
evening_peak,g5_-5,1
evening_peak,g5_-6,3
evening_peak,g5_-8,1
evening_peak,g5_-88,1
evening_peak,g5_-9,1
evening_peak,g5_0,98
evening_peak,g5_1,5
evening_peak,g5_10,14
evening_peak,g5_11,13
evening_peak,g5_14,2
evening_peak,g5_15,1
evening_peak,g5_2,263
evening_peak,g5_21,1
evening_peak,g5_22,1
evening_peak,g5_24,1
evening_peak,g5_25,3
evening_peak,g5_26,2
evening_peak,g5_3,674
evening_peak,g5_4,125
evening_peak,g5_5,260
evening_peak,g5_6,265
evening_peak,g5_7,87
evening_peak,g5_8,89
evening_peak,g5_9,74
evening_peak,g61_28,1
evening_peak,g61_54,1
evening_peak,g62_12,1
evening_peak,g63_67,1
evening_peak,g64_12,1
evening_peak,g64_66,1
evening_peak,g65_-12,1
evening_peak,g65_2,1
evening_peak,g67_-16,1
evening_peak,g68_-20,1
evening_peak,g69_-23,1
evening_peak,g69_97,1
evening_peak,g6_-1,29
evening_peak,g6_-10,1
evening_peak,g6_-11,1
evening_peak,g6_-12,3
evening_peak,g6_-13,6
evening_peak,g6_-16,1
evening_peak,g6_-19,4
evening_peak,g6_-2,13
evening_peak,g6_-22,1
evening_peak,g6_-23,3
evening_peak,g6_-25,16
evening_peak,g6_-28,1
evening_peak,g6_-29,25
evening_peak,g6_-3,10
evening_peak,g6_-30,16
evening_peak,g6_-31,3
evening_peak,g6_-4,4
evening_peak,g6_-5,1
evening_peak,g6_-8,1
evening_peak,g6_-9,4
evening_peak,g6_0,35
evening_peak,g6_1,109
evening_peak,g6_10,15
evening_peak,g6_11,5
evening_peak,g6_12,5
evening_peak,g6_13,3
evening_peak,g6_14,2
evening_peak,g6_2,105
evening_peak,g6_21,1
evening_peak,g6_22,2
evening_peak,g6_26,1
evening_peak,g6_3,134
evening_peak,g6_4,314
evening_peak,g6_5,237
evening_peak,g6_6,63
evening_peak,g6_7,33
evening_peak,g6_8,88
evening_peak,g6_9,27
evening_peak,g74_-13,1
evening_peak,g74_8,1
evening_peak,g7_-1,4
evening_peak,g7_-10,4
evening_peak,g7_-11,2
evening_peak,g7_-111,1
evening_peak,g7_-13,2
evening_peak,g7_-17,1
evening_peak,g7_-19,1
evening_peak,g7_-2,4
evening_peak,g7_-25,1
evening_peak,g7_-27,2
evening_peak,g7_-29,6
evening_peak,g7_-3,31
evening_peak,g7_-30,2
evening_peak,g7_-31,1
evening_peak,g7_-37,1
evening_peak,g7_-4,5
evening_peak,g7_-5,5
evening_peak,g7_-6,1
evening_peak,g7_-7,6
evening_peak,g7_-8,7
evening_peak,g7_-9,4
evening_peak,g7_0,237
evening_peak,g7_1,25
evening_peak,g7_10,35
evening_peak,g7_11,41
evening_peak,g7_12,12
evening_peak,g7_13,8
evening_peak,g7_14,5
evening_peak,g7_15,3
evening_peak,g7_16,16
evening_peak,g7_18,1
evening_peak,g7_19,1
evening_peak,g7_2,68
evening_peak,g7_20,1
evening_peak,g7_21,6
evening_peak,g7_3,121
evening_peak,g7_30,1
evening_peak,g7_4,820
evening_peak,g7_5,167
evening_peak,g7_6,73
evening_peak,g7_7,69
evening_peak,g7_8,13
evening_peak,g7_9,35
evening_peak,g80_49,1
evening_peak,g81_21,1
evening_peak,g88_10,1
evening_peak,g8_-1,32
evening_peak,g8_-10,1
evening_peak,g8_-11,3
evening_peak,g8_-12,1
evening_peak,g8_-120,1
evening_peak,g8_-133,1
evening_peak,g8_-14,1
evening_peak,g8_-15,1
evening_peak,g8_-18,2
evening_peak,g8_-2,23
evening_peak,g8_-28,3
evening_peak,g8_-29,2
evening_peak,g8_-3,22
evening_peak,g8_-4,25
evening_peak,g8_-40,1
evening_peak,g8_-5,3
evening_peak,g8_-6,4
evening_peak,g8_-7,4
evening_peak,g8_-8,1
evening_peak,g8_-9,1
evening_peak,g8_0,25
evening_peak,g8_1,57
evening_peak,g8_10,35
evening_peak,g8_11,25
evening_peak,g8_12,10
evening_peak,g8_13,3
evening_peak,g8_14,4
evening_peak,g8_15,1
evening_peak,g8_16,3
evening_peak,g8_18,1
evening_peak,g8_2,116
evening_peak,g8_20,3
evening_peak,g8_207,1
evening_peak,g8_21,5
evening_peak,g8_22,1
evening_peak,g8_24,1
evening_peak,g8_27,2
evening_peak,g8_3,737
evening_peak,g8_4,402
evening_peak,g8_5,225
evening_peak,g8_6,73
evening_peak,g8_7,39
evening_peak,g8_8,72
evening_peak,g8_9,63
evening_peak,g94_2,1
evening_peak,g97_34,1
evening_peak,g98_28,1
evening_peak,g9_-1,53
evening_peak,g9_-10,3
evening_peak,g9_-11,1
evening_peak,g9_-12,1
evening_peak,g9_-13,2
evening_peak,g9_-14,1
evening_peak,g9_-15,2
evening_peak,g9_-2,17
evening_peak,g9_-20,1
evening_peak,g9_-21,1
evening_peak,g9_-22,1
evening_peak,g9_-26,2
evening_peak,g9_-27,1
evening_peak,g9_-3,8
evening_peak,g9_-30,1
evening_peak,g9_-4,13
evening_peak,g9_-5,3
evening_peak,g9_-6,5
evening_peak,g9_-62,1
evening_peak,g9_-7,5
evening_peak,g9_-8,3
evening_peak,g9_-9,7
evening_peak,g9_0,6
evening_peak,g9_1,62
evening_peak,g9_10,10
evening_peak,g9_11,6
evening_peak,g9_13,5
evening_peak,g9_14,2
evening_peak,g9_15,4
evening_peak,g9_16,2
evening_peak,g9_17,3
evening_peak,g9_18,2
evening_peak,g9_19,2
evening_peak,g9_2,339
evening_peak,g9_20,26
evening_peak,g9_21,16
evening_peak,g9_22,2
evening_peak,g9_23,3
evening_peak,g9_3,305
evening_peak,g9_4,462
evening_peak,g9_5,172
evening_peak,g9_6,213
evening_peak,g9_7,76
evening_peak,g9_8,215
evening_peak,g9_9,123
late_night,g-10_37,1
late_night,g-10_47,1
late_night,g-10_55,1
late_night,g-11_45,1
late_night,g-11_46,2
late_night,g-11_47,1
late_night,g-12_45,3
late_night,g-12_49,2
late_night,g-12_53,1
late_night,g-12_54,1
late_night,g-13_55,1
late_night,g-14_53,1
late_night,g-15_53,7
late_night,g-15_54,1
late_night,g-15_55,1
late_night,g-16_54,3
late_night,g-16_55,2
late_night,g-16_56,1
late_night,g-16_80,1
late_night,g-16_83,1
late_night,g-18_84,1
late_night,g-1_10,30
late_night,g-1_11,7
late_night,g-1_12,4
late_night,g-1_13,1
late_night,g-1_14,2
late_night,g-1_15,4
late_night,g-1_18,4
late_night,g-1_19,3
late_night,g-1_34,1
late_night,g-1_4,63
late_night,g-1_5,24
late_night,g-1_6,12
late_night,g-1_7,80
late_night,g-1_8,91
late_night,g-1_9,60
late_night,g-25_123,1
late_night,g-2_10,54
late_night,g-2_11,3
late_night,g-2_12,40
late_night,g-2_13,1
late_night,g-2_14,16
late_night,g-2_15,5
late_night,g-2_16,2
late_night,g-2_17,5
late_night,g-2_19,1
late_night,g-2_25,1
late_night,g-2_32,1
late_night,g-2_6,4
late_night,g-2_7,16
late_night,g-2_8,58
late_night,g-2_9,84
late_night,g-3_10,54
late_night,g-3_11,22
late_night,g-3_12,37
late_night,g-3_13,22
late_night,g-3_14,2
late_night,g-3_15,1
late_night,g-3_17,5
late_night,g-3_18,1
late_night,g-3_19,1
late_night,g-3_22,1
late_night,g-3_24,1
late_night,g-3_49,1
late_night,g-4_10,15
late_night,g-4_11,30
late_night,g-4_12,10
late_night,g-4_13,12
late_night,g-4_19,2
late_night,g-5_12,3
late_night,g-5_13,36
late_night,g-5_14,2
late_night,g-5_18,1
late_night,g-5_19,3
late_night,g-5_39,1
late_night,g-6_14,12
late_night,g-6_15,34
late_night,g-6_17,1
late_night,g-6_18,3
late_night,g-6_26,1
late_night,g-6_49,1
late_night,g-7_19,1
late_night,g-7_22,4
late_night,g-7_23,8
late_night,g-7_24,1
late_night,g-7_26,1
late_night,g-7_27,2
late_night,g-7_28,2
late_night,g-7_38,1
late_night,g-7_42,1
late_night,g-8_29,3
late_night,g-8_30,3
late_night,g-8_43,1
late_night,g-9_36,1
late_night,g-9_45,1
late_night,g-9_51,1
late_night,g-9_54,1
late_night,g0_10,15
late_night,g0_11,1
late_night,g0_12,1
late_night,g0_15,2
late_night,g0_18,3
late_night,g0_19,3
late_night,g0_2,8
late_night,g0_3,110
late_night,g0_4,90
late_night,g0_5,5
late_night,g0_7,13
late_night,g0_8,63
late_night,g0_9,59
late_night,g10_-1,76
late_night,g10_-10,3
late_night,g10_-2,1
late_night,g10_-23,1
late_night,g10_-24,1
late_night,g10_-29,1
late_night,g10_-3,68
late_night,g10_-31,1
late_night,g10_-4,13
late_night,g10_-5,1
late_night,g10_-6,1
late_night,g10_-7,18
late_night,g10_-8,2
late_night,g10_-9,3
late_night,g10_0,69
late_night,g10_1,385
late_night,g10_10,4
late_night,g10_11,1
late_night,g10_12,11
late_night,g10_13,1
late_night,g10_14,4
late_night,g10_15,1
late_night,g10_18,1
late_night,g10_19,12
late_night,g10_2,177
late_night,g10_20,9
late_night,g10_21,13
late_night,g10_23,2
late_night,g10_27,3
late_night,g10_28,1
late_night,g10_3,180
late_night,g10_4,89
late_night,g10_5,185
late_night,g10_6,138
late_night,g10_7,48
late_night,g10_8,43
late_night,g10_9,2
late_night,g117_27,1
late_night,g11_-1,92
late_night,g11_-2,36
late_night,g11_-28,1
late_night,g11_-3,38
late_night,g11_-36,1
late_night,g11_-4,99
late_night,g11_-48,1
late_night,g11_-5,19
late_night,g11_-6,48
late_night,g11_-7,8
late_night,g11_-9,3
late_night,g11_0,326
late_night,g11_1,1164
late_night,g11_10,17
late_night,g11_11,23
late_night,g11_12,25
late_night,g11_14,5
late_night,g11_15,11
late_night,g11_16,8
late_night,g11_17,2
late_night,g11_18,1
late_night,g11_19,5
late_night,g11_2,861
late_night,g11_20,20
late_night,g11_21,1
late_night,g11_22,3
late_night,g11_26,2
late_night,g11_27,1
late_night,g11_28,6
late_night,g11_3,232
late_night,g11_4,111
late_night,g11_5,202
late_night,g11_6,132
late_night,g11_7,93
late_night,g11_8,141
late_night,g11_9,69
late_night,g12_-1,71
late_night,g12_-10,1
late_night,g12_-2,72
late_night,g12_-3,104
late_night,g12_-38,1
late_night,g12_-4,99
late_night,g12_-5,59
late_night,g12_-6,62
late_night,g12_-7,11
late_night,g12_-8,8
late_night,g12_0,120
late_night,g12_1,699
late_night,g12_10,18
late_night,g12_11,15
late_night,g12_12,29
late_night,g12_13,11
late_night,g12_15,1
late_night,g12_16,1
late_night,g12_17,1
late_night,g12_18,6
late_night,g12_19,1
late_night,g12_2,389
late_night,g12_20,3
late_night,g12_21,1
late_night,g12_22,5
late_night,g12_23,1
late_night,g12_24,2
late_night,g12_26,3
late_night,g12_27,2
late_night,g12_28,1
late_night,g12_3,307
late_night,g12_31,2
late_night,g12_4,252
late_night,g12_5,314
late_night,g12_6,127
late_night,g12_7,84
late_night,g12_8,75
late_night,g12_9,50
late_night,g13_-1,35
late_night,g13_-10,10
late_night,g13_-12,1
late_night,g13_-13,1
late_night,g13_-14,2
late_night,g13_-2,31
late_night,g13_-3,31
late_night,g13_-4,61
late_night,g13_-5,16
late_night,g13_-6,19
late_night,g13_-7,16
late_night,g13_-8,12
late_night,g13_-9,9
late_night,g13_0,46
late_night,g13_1,254
late_night,g13_10,62
late_night,g13_11,4
late_night,g13_12,9
late_night,g13_13,2
late_night,g13_15,1
late_night,g13_17,1
late_night,g13_18,4
late_night,g13_2,213
late_night,g13_20,2
late_night,g13_21,2
late_night,g13_23,1
late_night,g13_26,1
late_night,g13_27,1
late_night,g13_3,681
late_night,g13_4,392
late_night,g13_5,182
late_night,g13_6,106
late_night,g13_7,30
late_night,g13_8,11
late_night,g13_9,215
late_night,g14_-1,14
late_night,g14_-10,3
late_night,g14_-11,1
late_night,g14_-12,3
late_night,g14_-13,1
late_night,g14_-15,3
late_night,g14_-17,1
late_night,g14_-177,1
late_night,g14_-2,11
late_night,g14_-3,7
late_night,g14_-4,10
late_night,g14_-5,4
late_night,g14_-6,1
late_night,g14_-7,11
late_night,g14_-8,7
late_night,g14_-9,4
late_night,g14_0,27
late_night,g14_1,113
late_night,g14_10,103
late_night,g14_11,29
late_night,g14_12,1
late_night,g14_13,5
late_night,g14_14,1
late_night,g14_16,3
late_night,g14_17,1
late_night,g14_2,210
late_night,g14_20,1
late_night,g14_21,12
late_night,g14_26,1
late_night,g14_3,139
late_night,g14_4,200
late_night,g14_5,136
late_night,g14_6,128
late_night,g14_7,55
late_night,g14_8,15
late_night,g14_9,102
late_night,g159_35,1
late_night,g15_-1,1
late_night,g15_-10,7
late_night,g15_-11,17
late_night,g15_-12,3
late_night,g15_-17,1
late_night,g15_-18,3
late_night,g15_-2,13
late_night,g15_-20,2
late_night,g15_-25,1
late_night,g15_-3,27
late_night,g15_-4,12
late_night,g15_-40,2
late_night,g15_-5,4
late_night,g15_-6,6
late_night,g15_-7,1
late_night,g15_-8,12
late_night,g15_-9,13
late_night,g15_0,2
late_night,g15_1,75
late_night,g15_10,9
late_night,g15_11,12
late_night,g15_12,1
late_night,g15_14,7
late_night,g15_16,1
late_night,g15_17,1
late_night,g15_18,1
late_night,g15_2,95
late_night,g15_21,1
late_night,g15_3,44
late_night,g15_4,63
late_night,g15_5,302
late_night,g15_6,93
late_night,g15_7,297
late_night,g15_8,74
late_night,g15_9,50
late_night,g16_-1,2
late_night,g16_-10,4
late_night,g16_-13,1
late_night,g16_-18,1
late_night,g16_-2,10
late_night,g16_-4,12
late_night,g16_-6,4
late_night,g16_-8,2
late_night,g16_-9,1
late_night,g16_1,30
late_night,g16_10,52
late_night,g16_11,10
late_night,g16_12,7
late_night,g16_13,7
late_night,g16_14,5
late_night,g16_2,460
late_night,g16_22,1
late_night,g16_3,17
late_night,g16_4,60
late_night,g16_5,93
late_night,g16_6,125
late_night,g16_7,76
late_night,g16_8,137
late_night,g16_9,116
late_night,g17_-1,1
late_night,g17_-10,1
late_night,g17_-14,1
late_night,g17_-16,6
late_night,g17_-18,1
late_night,g17_-19,2
late_night,g17_-2,2
late_night,g17_-22,1
late_night,g17_-3,11
late_night,g17_-4,14
late_night,g17_-5,3
late_night,g17_-6,3
late_night,g17_-7,8
late_night,g17_-9,1
late_night,g17_0,1
late_night,g17_1,36
late_night,g17_10,36
late_night,g17_11,57
late_night,g17_12,29
late_night,g17_13,6
late_night,g17_14,1
late_night,g17_15,1
late_night,g17_16,2
late_night,g17_19,1
late_night,g17_2,2
late_night,g17_3,34
late_night,g17_32,1
late_night,g17_4,105
late_night,g17_5,62
late_night,g17_6,98
late_night,g17_7,14
late_night,g17_8,15
late_night,g17_9,6
late_night,g18_-1,4
late_night,g18_-10,5
late_night,g18_-13,2
late_night,g18_-17,3
late_night,g18_-2,1
late_night,g18_-20,3
late_night,g18_-4,1
late_night,g18_-49,1
late_night,g18_-5,6
late_night,g18_-6,1
late_night,g18_-7,2
late_night,g18_-8,2
late_night,g18_0,44
late_night,g18_1,15
late_night,g18_10,1
late_night,g18_11,12
late_night,g18_12,18
late_night,g18_13,4
late_night,g18_14,24
late_night,g18_15,15
late_night,g18_16,3
late_night,g18_17,2
late_night,g18_18,1
late_night,g18_2,28
late_night,g18_20,7
late_night,g18_3,26
late_night,g18_39,1
late_night,g18_4,75
late_night,g18_5,53
late_night,g18_6,15
late_night,g18_7,15
late_night,g18_8,12
late_night,g18_9,15
late_night,g19_-1,10
late_night,g19_-19,1
late_night,g19_-2,15
late_night,g19_-23,1
late_night,g19_-24,3
late_night,g19_-6,1
late_night,g19_-7,3
late_night,g19_0,25
late_night,g19_1,12
late_night,g19_10,1
late_night,g19_11,2
late_night,g19_12,37
late_night,g19_14,9
late_night,g19_15,13
late_night,g19_16,5
late_night,g19_2,53
late_night,g19_3,62
late_night,g19_4,24
late_night,g19_42,1
late_night,g19_5,29
late_night,g19_6,23
late_night,g19_7,21
late_night,g19_76,1
late_night,g19_8,7
late_night,g19_9,5
late_night,g1_10,4
late_night,g1_11,3
late_night,g1_12,6
late_night,g1_13,6
late_night,g1_16,5
late_night,g1_2,111
late_night,g1_22,6
late_night,g1_25,2
late_night,g1_3,104
late_night,g1_4,45
late_night,g1_5,57
late_night,g1_6,3
late_night,g1_7,12
late_night,g1_8,16
late_night,g1_9,28
late_night,g20_-1,35
late_night,g20_-10,1
late_night,g20_-2,16
late_night,g20_-23,1
late_night,g20_-3,14
late_night,g20_-4,1
late_night,g20_-5,2
late_night,g20_-6,1
late_night,g20_0,13
late_night,g20_1,13
late_night,g20_10,8
late_night,g20_11,9
late_night,g20_12,1
late_night,g20_14,12
late_night,g20_15,14
late_night,g20_16,14
late_night,g20_17,11
late_night,g20_2,2
late_night,g20_3,13
late_night,g20_33,1
late_night,g20_4,1
late_night,g20_5,2
late_night,g20_6,22
late_night,g20_7,21
late_night,g20_8,25
late_night,g20_9,9
late_night,g21_-1,12
late_night,g21_-10,3
late_night,g21_-18,1
late_night,g21_-21,1
late_night,g21_-3,1
late_night,g21_-7,1
late_night,g21_-8,5
late_night,g21_-9,4
late_night,g21_0,24
late_night,g21_1,14
late_night,g21_10,16
late_night,g21_14,8
late_night,g21_15,7
late_night,g21_16,6
late_night,g21_17,23
late_night,g21_18,4
late_night,g21_19,2
late_night,g21_2,4
late_night,g21_3,1
late_night,g21_4,9
late_night,g21_5,12
late_night,g21_6,18
late_night,g21_7,18
late_night,g21_8,7
late_night,g21_9,9
late_night,g22_-1,1
late_night,g22_-10,2
late_night,g22_-12,1
late_night,g22_-15,1
late_night,g22_-3,9
late_night,g22_-7,1
late_night,g22_-8,2
late_night,g22_0,2
late_night,g22_1,3
late_night,g22_10,5
late_night,g22_11,7
late_night,g22_14,8
late_night,g22_15,4
late_night,g22_16,9
late_night,g22_17,3
late_night,g22_18,1
late_night,g22_19,3
late_night,g22_2,1
late_night,g22_20,2
late_night,g22_23,1
late_night,g22_4,5
late_night,g22_44,1
late_night,g22_49,1
late_night,g22_5,10
late_night,g22_6,17
late_night,g22_7,15
late_night,g22_8,13
late_night,g23_-2,1
late_night,g23_-3,2
late_night,g23_-35,1
late_night,g23_-4,8
late_night,g23_-5,1
late_night,g23_-9,1
late_night,g23_1,3
late_night,g23_10,4
late_night,g23_11,1
late_night,g23_12,4
late_night,g23_13,1
late_night,g23_14,1
late_night,g23_15,4
late_night,g23_16,2
late_night,g23_17,8
late_night,g23_18,1
late_night,g23_19,1
late_night,g23_20,2
late_night,g23_21,1
late_night,g23_28,1
late_night,g23_3,1
late_night,g23_5,14
late_night,g23_6,2
late_night,g23_7,3
late_night,g23_8,11
late_night,g23_9,6
late_night,g24_-1,7
late_night,g24_-2,2
late_night,g24_-3,2
late_night,g24_-49,1
late_night,g24_-6,1
late_night,g24_0,4
late_night,g24_1,4
late_night,g24_10,4
late_night,g24_11,3
late_night,g24_12,1
late_night,g24_13,2
late_night,g24_14,1
late_night,g24_17,3
late_night,g24_18,2
late_night,g24_19,2
late_night,g24_2,2
late_night,g24_21,4
late_night,g24_3,1
late_night,g24_4,3
late_night,g24_5,1
late_night,g24_8,4
late_night,g24_9,2
late_night,g25_-1,9
late_night,g25_-15,1
late_night,g25_-5,2
late_night,g25_-8,1
late_night,g25_0,6
late_night,g25_1,4
late_night,g25_10,1
late_night,g25_14,2
late_night,g25_15,1
late_night,g25_16,1
late_night,g25_18,2
late_night,g25_19,1
late_night,g25_2,8
late_night,g25_21,2
late_night,g25_22,1
late_night,g25_4,20
late_night,g25_5,1
late_night,g25_58,1
late_night,g25_7,1
late_night,g25_9,9
late_night,g26_-3,2
late_night,g26_-4,4
late_night,g26_-9,1
late_night,g26_1,2
late_night,g26_10,6
late_night,g26_11,7
late_night,g26_13,1
late_night,g26_14,1
late_night,g26_18,1
late_night,g26_2,3
late_night,g26_20,1
late_night,g26_21,1
late_night,g26_22,2
late_night,g26_23,1
late_night,g26_3,1
late_night,g26_30,1
late_night,g26_4,6
late_night,g26_5,9
late_night,g26_6,2
late_night,g26_7,3
late_night,g26_9,2
late_night,g27_-13,1
late_night,g27_-17,1
late_night,g27_-2,1
late_night,g27_-3,4
late_night,g27_-6,1
late_night,g27_-8,1
late_night,g27_-9,1
late_night,g27_0,1
late_night,g27_11,1
late_night,g27_12,1
late_night,g27_13,2
late_night,g27_18,1
late_night,g27_2,1
late_night,g27_21,1
late_night,g27_23,1
late_night,g27_24,1
late_night,g27_3,1
late_night,g27_4,9
late_night,g27_5,7
late_night,g27_59,1
late_night,g27_6,11
late_night,g27_7,2
late_night,g28_-13,1
late_night,g28_-2,1
late_night,g28_-5,2
late_night,g28_0,2
late_night,g28_11,1
late_night,g28_12,5
late_night,g28_13,1
late_night,g28_15,2
late_night,g28_24,1
late_night,g28_5,3
late_night,g28_6,1
late_night,g29_-21,1
late_night,g29_-46,2
late_night,g29_-5,1
late_night,g29_-6,1
late_night,g29_0,5
late_night,g29_1,2
late_night,g29_10,2
late_night,g29_11,3
late_night,g29_12,3
late_night,g29_13,6
late_night,g29_3,1
late_night,g29_4,4
late_night,g29_44,1
late_night,g29_5,1
late_night,g2_-2,16
late_night,g2_-3,8
late_night,g2_-4,3
late_night,g2_1,20
late_night,g2_10,15
late_night,g2_11,16
late_night,g2_12,5
late_night,g2_13,4
late_night,g2_14,3
late_night,g2_15,1
late_night,g2_16,1
late_night,g2_18,2
late_night,g2_19,2
late_night,g2_2,95
late_night,g2_20,11
late_night,g2_21,1856
late_night,g2_22,116
late_night,g2_24,2
late_night,g2_26,1
late_night,g2_3,129
late_night,g2_4,53
late_night,g2_5,74
late_night,g2_6,48
late_night,g2_7,45
late_night,g2_8,54
late_night,g2_9,40
late_night,g30_-10,1
late_night,g30_-12,3
late_night,g30_-16,2
late_night,g30_-72,1
late_night,g30_0,2
late_night,g30_1,2
late_night,g30_10,1
late_night,g30_11,3
late_night,g30_12,2
late_night,g30_13,2
late_night,g30_2,3
late_night,g30_7,1
late_night,g31_0,1
late_night,g31_11,5
late_night,g31_12,2
late_night,g31_13,1
late_night,g32_-12,1
late_night,g32_10,5
late_night,g32_11,1
late_night,g32_12,1
late_night,g33_-56,2
late_night,g33_44,1
late_night,g33_71,1
late_night,g34_-14,2
late_night,g34_45,1
late_night,g34_9,1
late_night,g35_-17,1
late_night,g35_10,1
late_night,g36_10,2
late_night,g36_52,1
late_night,g37_-27,1
late_night,g37_20,1
late_night,g37_7,1
late_night,g37_70,1
late_night,g39_9,1
late_night,g3_-2,5
late_night,g3_-4,11
late_night,g3_-5,3
late_night,g3_-7,8
late_night,g3_-8,3
late_night,g3_-9,1
late_night,g3_1,12
late_night,g3_10,40
late_night,g3_11,53
late_night,g3_12,3
late_night,g3_13,1
late_night,g3_14,1
late_night,g3_18,1
late_night,g3_2,92
late_night,g3_20,1
late_night,g3_21,1
late_night,g3_22,3
late_night,g3_24,6
late_night,g3_25,2
late_night,g3_3,130
late_night,g3_4,40
late_night,g3_5,57
late_night,g3_6,86
late_night,g3_7,77
late_night,g3_8,53
late_night,g3_9,20
late_night,g42_90,1
late_night,g43_21,1
late_night,g46_93,1
late_night,g47_-18,1
late_night,g4_-1,3
late_night,g4_-13,4
late_night,g4_-14,1
late_night,g4_-15,2
late_night,g4_-16,2
late_night,g4_-18,1
late_night,g4_-2,9
late_night,g4_-20,2
late_night,g4_-3,1
late_night,g4_-4,6
late_night,g4_-5,1
late_night,g4_-6,1
late_night,g4_-7,10
late_night,g4_-8,3
late_night,g4_-9,5
late_night,g4_1,2
late_night,g4_10,57
late_night,g4_11,28
late_night,g4_12,9
late_night,g4_13,10
late_night,g4_16,1
late_night,g4_17,3
late_night,g4_2,101
late_night,g4_25,3
late_night,g4_3,169
late_night,g4_4,41
late_night,g4_5,75
late_night,g4_6,86
late_night,g4_7,48
late_night,g4_8,55
late_night,g4_9,49
late_night,g52_30,1
late_night,g52_9,1
late_night,g54_22,1
late_night,g54_75,1
late_night,g57_5,1
late_night,g58_14,1
late_night,g59_14,4
late_night,g59_15,3
late_night,g5_-1,7
late_night,g5_-11,1
late_night,g5_-12,2
late_night,g5_-13,5
late_night,g5_-14,1
late_night,g5_-15,3
late_night,g5_-16,4
late_night,g5_-17,2
late_night,g5_-2,26
late_night,g5_-20,3
late_night,g5_-22,4
late_night,g5_-23,3
late_night,g5_-3,13
late_night,g5_-4,5
late_night,g5_-41,2
late_night,g5_-5,5
late_night,g5_-6,4
late_night,g5_-7,2
late_night,g5_-8,1
late_night,g5_-9,3
late_night,g5_0,30
late_night,g5_1,7
late_night,g5_10,25
late_night,g5_11,43
late_night,g5_13,1
late_night,g5_14,5
late_night,g5_15,1
late_night,g5_16,2
late_night,g5_2,195
late_night,g5_20,2
late_night,g5_21,4
late_night,g5_22,4
late_night,g5_23,2
late_night,g5_24,2
late_night,g5_25,2
late_night,g5_26,2
late_night,g5_3,411
late_night,g5_4,88
late_night,g5_5,132
late_night,g5_6,181
late_night,g5_7,20
late_night,g5_8,175
late_night,g5_9,21
late_night,g64_66,3
late_night,g65_70,1
late_night,g66_52,1
late_night,g67_15,1
late_night,g67_29,1
late_night,g68_15,1
late_night,g68_26,1
late_night,g6_-1,20
late_night,g6_-10,2
late_night,g6_-110,1
late_night,g6_-12,1
late_night,g6_-13,3
late_night,g6_-15,2
late_night,g6_-17,1
late_night,g6_-2,11
late_night,g6_-20,1
late_night,g6_-22,1
late_night,g6_-23,4
late_night,g6_-25,8
late_night,g6_-26,1
late_night,g6_-29,9
late_night,g6_-3,10
late_night,g6_-30,9
late_night,g6_-31,1
late_night,g6_-32,1
late_night,g6_-4,6
late_night,g6_-5,1
late_night,g6_-6,3
late_night,g6_-7,2
late_night,g6_-8,8
late_night,g6_0,37
late_night,g6_1,50
late_night,g6_10,18
late_night,g6_11,3
late_night,g6_12,5
late_night,g6_13,3
late_night,g6_14,8
late_night,g6_18,3
late_night,g6_197,1
late_night,g6_2,76
late_night,g6_206,1
late_night,g6_23,1
late_night,g6_26,1
late_night,g6_3,95
late_night,g6_4,183
late_night,g6_5,127
late_night,g6_6,25
late_night,g6_7,21
late_night,g6_8,62
late_night,g6_9,26
late_night,g72_33,1
late_night,g73_17,1
late_night,g7_-1,2
late_night,g7_-10,1
late_night,g7_-11,2
late_night,g7_-12,1
late_night,g7_-13,14
late_night,g7_-16,5
late_night,g7_-17,4
late_night,g7_-2,16
late_night,g7_-21,3
late_night,g7_-22,1
late_night,g7_-27,1
late_night,g7_-28,2
late_night,g7_-29,2
late_night,g7_-3,32
late_night,g7_-30,4
late_night,g7_-31,1
late_night,g7_-4,9
late_night,g7_-40,2
late_night,g7_-48,6
late_night,g7_-5,9
late_night,g7_-6,1
late_night,g7_-7,5
late_night,g7_-8,3
late_night,g7_-9,2
late_night,g7_0,106
late_night,g7_1,18
late_night,g7_10,26
late_night,g7_11,26
late_night,g7_12,20
late_night,g7_13,20
late_night,g7_14,5
late_night,g7_16,1
late_night,g7_18,1
late_night,g7_19,3
late_night,g7_2,35
late_night,g7_21,1
late_night,g7_24,1
late_night,g7_26,1
late_night,g7_3,40
late_night,g7_4,442
late_night,g7_5,125
late_night,g7_6,100
late_night,g7_7,98
late_night,g7_8,12
late_night,g7_9,18
late_night,g81_49,1
late_night,g83_51,1
late_night,g86_86,1
late_night,g89_10,1
late_night,g8_-1,29
late_night,g8_-10,4
late_night,g8_-11,2
late_night,g8_-12,2
late_night,g8_-14,2
late_night,g8_-18,1
late_night,g8_-2,24
late_night,g8_-21,1
late_night,g8_-22,4
late_night,g8_-27,1
late_night,g8_-29,3
late_night,g8_-3,23
late_night,g8_-30,1
late_night,g8_-31,1
late_night,g8_-38,1
late_night,g8_-4,14
late_night,g8_-48,1
late_night,g8_-5,7
late_night,g8_-6,10
late_night,g8_-7,8
late_night,g8_-8,2
late_night,g8_-9,3
late_night,g8_0,8
late_night,g8_1,134
late_night,g8_10,24
late_night,g8_11,46
late_night,g8_12,16
late_night,g8_13,2
late_night,g8_14,8
late_night,g8_15,2
late_night,g8_16,6
late_night,g8_17,1
late_night,g8_18,1
late_night,g8_19,1
late_night,g8_2,67
late_night,g8_3,364
late_night,g8_4,190
late_night,g8_5,178
late_night,g8_6,65
late_night,g8_7,67
late_night,g8_8,72
late_night,g8_9,38
late_night,g98_26,1
late_night,g9_-1,39
late_night,g9_-10,11
late_night,g9_-13,3
late_night,g9_-14,1
late_night,g9_-16,2
late_night,g9_-19,1
late_night,g9_-2,19
late_night,g9_-3,19
late_night,g9_-30,1
late_night,g9_-35,3
late_night,g9_-4,23
late_night,g9_-40,1
late_night,g9_-5,15
late_night,g9_-6,5
late_night,g9_-7,2
late_night,g9_-8,3
late_night,g9_-9,3
late_night,g9_0,1
late_night,g9_1,21
late_night,g9_10,19
late_night,g9_11,10
late_night,g9_12,1
late_night,g9_13,6
late_night,g9_14,3
late_night,g9_15,1
late_night,g9_16,3
late_night,g9_17,2
late_night,g9_18,1
late_night,g9_19,2
late_night,g9_2,137
late_night,g9_20,12
late_night,g9_21,15
late_night,g9_22,3
late_night,g9_24,1
late_night,g9_3,146
late_night,g9_4,276
late_night,g9_5,110
late_night,g9_6,138
late_night,g9_7,53
late_night,g9_8,120
late_night,g9_9,95
midday,g-10_44,1
midday,g-10_46,2
midday,g-10_47,2
midday,g-10_49,1
midday,g-11_47,3
midday,g-11_48,1
midday,g-11_49,1
midday,g-11_51,1
midday,g-11_57,1
midday,g-11_59,1
midday,g-12_109,1
midday,g-12_45,1
midday,g-12_50,1
midday,g-12_54,1
midday,g-12_55,1
midday,g-13_53,1
midday,g-14_56,1
midday,g-15_53,3
midday,g-15_54,1
midday,g-15_55,3
midday,g-17_78,1
midday,g-17_89,1
midday,g-18_84,1
midday,g-1_10,9
midday,g-1_12,6
midday,g-1_13,2
midday,g-1_14,1
midday,g-1_15,58
midday,g-1_16,1
midday,g-1_17,1
midday,g-1_18,3
midday,g-1_19,1
midday,g-1_20,1
midday,g-1_32,5
midday,g-1_33,1
midday,g-1_4,55
midday,g-1_5,31
midday,g-1_6,75
midday,g-1_7,79
midday,g-1_8,39
midday,g-1_9,49
midday,g-24_124,1
midday,g-25_124,1
midday,g-2_10,30
midday,g-2_11,5
midday,g-2_12,17
midday,g-2_13,4
midday,g-2_14,26
midday,g-2_15,32
midday,g-2_16,2
midday,g-2_17,2
midday,g-2_18,1
midday,g-2_19,1
midday,g-2_20,2
midday,g-2_22,1
midday,g-2_35,1
midday,g-2_6,73
midday,g-2_7,81
midday,g-2_8,40
midday,g-2_9,124
midday,g-3_10,50
midday,g-3_11,21
midday,g-3_12,17
midday,g-3_13,9
midday,g-3_14,2
midday,g-3_18,1
midday,g-3_21,2
midday,g-3_37,1
midday,g-3_39,1
midday,g-3_8,1
midday,g-3_9,20
midday,g-4_-85,1
midday,g-4_10,11
midday,g-4_11,34
midday,g-4_12,8
midday,g-4_13,5
midday,g-4_16,1
midday,g-4_18,4
midday,g-4_19,1
midday,g-4_20,2
midday,g-4_25,1
midday,g-4_35,4
midday,g-5_12,18
midday,g-5_13,14
midday,g-5_14,2
midday,g-5_18,4
midday,g-5_36,6
midday,g-5_40,1
midday,g-5_42,1
midday,g-6_14,1
midday,g-6_15,3
midday,g-6_16,1
midday,g-6_19,1
midday,g-6_42,2
midday,g-6_44,1
midday,g-7_20,1
midday,g-7_22,1
midday,g-7_23,1
midday,g-7_28,1
midday,g-7_35,1
midday,g-8_37,3
midday,g-8_38,1
midday,g-8_52,1
midday,g-9_36,1
midday,g-9_43,1
midday,g-9_44,1
midday,g-9_48,1
midday,g-9_52,1
midday,g0_10,69
midday,g0_13,1
midday,g0_17,1
midday,g0_18,9
midday,g0_19,1
midday,g0_2,47
midday,g0_3,211
midday,g0_33,1
midday,g0_34,1
midday,g0_4,160
midday,g0_44,1
midday,g0_5,14
midday,g0_58,1
midday,g0_6,10
midday,g0_7,17
midday,g0_8,24
midday,g0_9,28
midday,g102_28,2
midday,g104_-47,1
midday,g108_4,1
midday,g10_-1,126
midday,g10_-10,1
midday,g10_-11,6
midday,g10_-12,4
midday,g10_-2,10
midday,g10_-20,1
midday,g10_-3,180
midday,g10_-4,3
midday,g10_-5,38
midday,g10_-6,2
midday,g10_-62,1
midday,g10_-7,1
midday,g10_-8,5
midday,g10_-9,1
midday,g10_0,116
midday,g10_1,1231
midday,g10_10,14
midday,g10_11,3
midday,g10_12,8
midday,g10_14,4
midday,g10_16,2
midday,g10_17,1
midday,g10_19,19
midday,g10_2,602
midday,g10_20,11
midday,g10_21,17
midday,g10_22,1
midday,g10_23,3
midday,g10_24,4
midday,g10_27,1
midday,g10_3,322
midday,g10_38,1
midday,g10_4,156
midday,g10_5,295
midday,g10_6,147
midday,g10_7,58
midday,g10_8,43
midday,g10_86,1
midday,g10_87,2
midday,g10_9,6
midday,g115_25,1
midday,g115_30,1
midday,g11_-1,228
midday,g11_-10,3
midday,g11_-13,1
midday,g11_-2,125
midday,g11_-20,1
midday,g11_-3,24
midday,g11_-4,55
midday,g11_-5,6
midday,g11_-54,1
midday,g11_-6,9
midday,g11_-7,3
midday,g11_-8,1
midday,g11_0,984
midday,g11_1,1092
midday,g11_10,30
midday,g11_11,26
midday,g11_12,21
midday,g11_13,2
midday,g11_14,4
midday,g11_15,6
midday,g11_16,4
midday,g11_17,3
midday,g11_18,9
midday,g11_19,11
midday,g11_2,591
midday,g11_20,17
midday,g11_21,4
midday,g11_22,10
midday,g11_23,1
midday,g11_27,3
midday,g11_28,3
midday,g11_3,344
midday,g11_30,1
midday,g11_4,201
midday,g11_5,246
midday,g11_6,179
midday,g11_7,151
midday,g11_8,148
midday,g11_89,1
midday,g11_9,75
midday,g12_-1,64
midday,g12_-10,3
midday,g12_-135,1
midday,g12_-16,1
midday,g12_-2,56
midday,g12_-3,156
midday,g12_-39,1
midday,g12_-4,72
midday,g12_-5,29
midday,g12_-6,29
midday,g12_-7,2
midday,g12_-8,1
midday,g12_-9,1
midday,g12_0,397
midday,g12_1,2115
midday,g12_10,18
midday,g12_11,23
midday,g12_12,19
midday,g12_13,4
midday,g12_14,2
midday,g12_15,5
midday,g12_16,1
midday,g12_17,1
midday,g12_18,7
midday,g12_19,7
midday,g12_2,1452
midday,g12_20,16
midday,g12_21,4
midday,g12_22,2
midday,g12_23,1
midday,g12_24,1
midday,g12_26,1
midday,g12_27,2
midday,g12_28,1
midday,g12_3,637
midday,g12_30,2
midday,g12_37,1
midday,g12_4,529
midday,g12_5,351
midday,g12_6,161
midday,g12_7,133
midday,g12_8,127
midday,g12_9,36
midday,g132_-8,1
midday,g132_4,1
midday,g13_-1,22
midday,g13_-10,3
midday,g13_-11,3
midday,g13_-13,3
midday,g13_-14,2
midday,g13_-15,1
midday,g13_-2,19
midday,g13_-20,1
midday,g13_-3,23
midday,g13_-4,92
midday,g13_-48,1
midday,g13_-5,6
midday,g13_-6,3
midday,g13_-7,11
midday,g13_-8,3
midday,g13_-9,1
midday,g13_0,46
midday,g13_1,458
midday,g13_10,40
midday,g13_11,7
midday,g13_12,4
midday,g13_13,4
midday,g13_15,1
midday,g13_17,10
midday,g13_19,2
midday,g13_2,477
midday,g13_20,1
midday,g13_22,1
midday,g13_23,2
midday,g13_27,1
midday,g13_29,1
midday,g13_3,351
midday,g13_37,1
midday,g13_4,443
midday,g13_5,305
midday,g13_6,113
midday,g13_7,50
midday,g13_8,70
midday,g13_9,741
midday,g143_2,1
midday,g147_-9,1
midday,g14_-1,34
midday,g14_-2,5
midday,g14_-4,6
midday,g14_-5,3
midday,g14_-6,1
midday,g14_-7,7
midday,g14_-8,8
midday,g14_-9,2
midday,g14_0,81
midday,g14_1,189
midday,g14_10,47
midday,g14_11,21
midday,g14_12,4
midday,g14_13,3
midday,g14_14,3
midday,g14_15,2
midday,g14_16,3
midday,g14_17,1
midday,g14_2,363
midday,g14_21,1
midday,g14_22,1
midday,g14_23,5
midday,g14_25,1
midday,g14_26,1
midday,g14_27,1
midday,g14_3,241
midday,g14_37,1
midday,g14_4,289
midday,g14_5,192
midday,g14_6,193
midday,g14_7,55
midday,g14_8,117
midday,g14_85,1
midday,g14_9,87
midday,g154_-117,1
midday,g154_-118,1
midday,g154_37,1
midday,g155_34,1
midday,g158_34,1
midday,g15_-1,2
midday,g15_-10,3
midday,g15_-11,1
midday,g15_-12,1
midday,g15_-2,1
midday,g15_-25,1
midday,g15_-3,18
midday,g15_-38,1
midday,g15_-4,15
midday,g15_-5,1
midday,g15_-6,9
midday,g15_-8,39
midday,g15_-9,13
midday,g15_0,2
midday,g15_1,118
midday,g15_10,17
midday,g15_11,17
midday,g15_12,3
midday,g15_14,4
midday,g15_17,3
midday,g15_18,2
midday,g15_19,1
midday,g15_2,173
midday,g15_20,3
midday,g15_22,1
midday,g15_3,73
midday,g15_4,140
midday,g15_5,377
midday,g15_6,144
midday,g15_7,162
midday,g15_8,59
midday,g15_9,46
midday,g16_-10,1
midday,g16_-2,2
midday,g16_-3,2
midday,g16_-4,9
midday,g16_-5,1
midday,g16_-6,5
midday,g16_-7,1
midday,g16_0,3
midday,g16_1,73
midday,g16_10,22
midday,g16_11,13
midday,g16_12,5
midday,g16_13,6
midday,g16_14,4
midday,g16_15,2
midday,g16_17,3
midday,g16_18,1
midday,g16_19,2
midday,g16_2,1500
midday,g16_21,2
midday,g16_22,3
midday,g16_23,2
midday,g16_3,10
midday,g16_4,81
midday,g16_5,256
midday,g16_6,90
midday,g16_7,93
midday,g16_8,169
midday,g16_9,163
midday,g17_-1,2
midday,g17_-10,1
midday,g17_-142,1
midday,g17_-16,3
midday,g17_-17,3
midday,g17_-2,1
midday,g17_-3,5
midday,g17_-37,1
midday,g17_-4,2
midday,g17_-5,3
midday,g17_-6,3
midday,g17_-7,2
midday,g17_0,19
midday,g17_1,34
midday,g17_10,33
midday,g17_11,33
midday,g17_12,31
midday,g17_13,6
midday,g17_14,1
midday,g17_15,9
midday,g17_19,3
midday,g17_2,5
midday,g17_26,3
midday,g17_3,71
midday,g17_4,149
midday,g17_5,68
midday,g17_6,36
midday,g17_7,22
midday,g17_8,28
midday,g17_9,25
midday,g181_24,3
midday,g185_111,1
midday,g18_-1,8
midday,g18_-17,3
midday,g18_-19,1
midday,g18_-4,1
midday,g18_-5,2
midday,g18_-6,1
midday,g18_-7,1
midday,g18_-8,4
midday,g18_0,142
midday,g18_1,11
midday,g18_10,11
midday,g18_11,11
midday,g18_12,19
midday,g18_13,4
midday,g18_14,14
midday,g18_15,4
midday,g18_16,6
midday,g18_18,1
midday,g18_2,16
midday,g18_20,1
midday,g18_26,1
midday,g18_29,1
midday,g18_3,29
midday,g18_4,97
midday,g18_5,102
midday,g18_6,78
midday,g18_7,2
midday,g18_8,27
midday,g18_9,19
midday,g19_-1,20
midday,g19_-11,1
midday,g19_-19,2
midday,g19_-2,5
midday,g19_-21,1
midday,g19_-3,1
midday,g19_-49,1
midday,g19_-7,1
midday,g19_-74,1
midday,g19_0,27
midday,g19_1,13
midday,g19_10,5
midday,g19_11,6
midday,g19_12,14
midday,g19_13,4
midday,g19_14,6
midday,g19_15,6
midday,g19_16,5
midday,g19_18,1
midday,g19_19,1
midday,g19_2,38
midday,g19_20,1
midday,g19_26,3
midday,g19_3,78
midday,g19_4,41
midday,g19_41,1
midday,g19_46,1
midday,g19_49,1
midday,g19_5,26
midday,g19_6,61
midday,g19_7,174
midday,g19_8,43
midday,g19_9,13
midday,g1_1,5
midday,g1_10,9
midday,g1_11,7
midday,g1_12,1
midday,g1_13,2
midday,g1_16,1
midday,g1_17,7
midday,g1_18,4
midday,g1_2,222
midday,g1_22,4
midday,g1_29,1
midday,g1_3,196
midday,g1_32,1
midday,g1_4,26
midday,g1_5,71
midday,g1_6,8
midday,g1_7,19
midday,g1_8,11
midday,g1_9,10
midday,g20_-1,23
midday,g20_-123,1
midday,g20_-13,1
midday,g20_-2,10
midday,g20_-22,2
midday,g20_-3,4
midday,g20_-4,2
midday,g20_-5,1
midday,g20_-51,1
midday,g20_-6,1
midday,g20_0,13
midday,g20_1,12
midday,g20_10,15
midday,g20_11,10
midday,g20_14,19
midday,g20_15,8
midday,g20_16,10
midday,g20_17,13
midday,g20_18,2
midday,g20_2,3
midday,g20_20,2
midday,g20_3,21
midday,g20_32,1
midday,g20_33,1
midday,g20_4,4
midday,g20_5,1
midday,g20_6,35
midday,g20_7,16
midday,g20_8,28
midday,g20_9,10
midday,g21_-1,13
midday,g21_-10,3
midday,g21_-25,1
midday,g21_-27,1
midday,g21_-3,1
midday,g21_-34,1
midday,g21_-47,1
midday,g21_-7,1
midday,g21_-72,1
midday,g21_-79,1
midday,g21_-8,1
midday,g21_-9,1
midday,g21_0,20
midday,g21_1,24
midday,g21_10,23
midday,g21_14,4
midday,g21_15,9
midday,g21_16,10
midday,g21_17,19
midday,g21_18,7
midday,g21_19,3
midday,g21_2,7
midday,g21_24,1
midday,g21_31,3
midday,g21_4,16
midday,g21_44,1
midday,g21_5,33
midday,g21_6,16
midday,g21_68,1
midday,g21_7,18
midday,g21_8,12
midday,g21_9,7
midday,g22_-1,2
midday,g22_-10,1
midday,g22_-12,1
midday,g22_-2,3
midday,g22_-3,2
midday,g22_-33,1
midday,g22_-35,1
midday,g22_-47,1
midday,g22_0,8
midday,g22_1,5
midday,g22_10,3
midday,g22_11,8
midday,g22_13,2
midday,g22_14,8
midday,g22_15,2
midday,g22_16,7
midday,g22_17,5
midday,g22_18,7
midday,g22_19,1
midday,g22_2,4
midday,g22_20,5
midday,g22_3,6
midday,g22_4,6
midday,g22_5,9
midday,g22_6,12
midday,g22_7,25
midday,g22_8,23
midday,g23_-1,7
midday,g23_-11,1
midday,g23_-13,1
midday,g23_-17,1
midday,g23_-2,2
midday,g23_-27,5
midday,g23_-3,4
midday,g23_-4,5
midday,g23_-48,1
midday,g23_-5,5
midday,g23_0,6
midday,g23_1,5
midday,g23_10,9
midday,g23_11,4
midday,g23_12,3
midday,g23_13,1
midday,g23_14,6
midday,g23_15,2
midday,g23_16,2
midday,g23_17,4
midday,g23_18,1
midday,g23_19,5
midday,g23_21,2
midday,g23_22,2
midday,g23_3,2
midday,g23_34,1
midday,g23_4,1
midday,g23_5,15
midday,g23_6,2
midday,g23_60,1
midday,g23_7,2
midday,g23_8,12
midday,g23_9,2
midday,g24_-1,26
midday,g24_-10,2
midday,g24_-2,1
midday,g24_-3,1
midday,g24_-32,1
midday,g24_-35,1
midday,g24_-7,1
midday,g24_0,29
midday,g24_1,12
midday,g24_10,5
midday,g24_11,5
midday,g24_12,1
midday,g24_13,2
midday,g24_17,2
midday,g24_18,2
midday,g24_19,1
midday,g24_2,5
midday,g24_20,1
midday,g24_21,3
midday,g24_22,2
midday,g24_3,1
midday,g24_5,7
midday,g24_6,2
midday,g24_62,1
midday,g24_8,3
midday,g24_9,1
midday,g253_50,1
midday,g25_-1,22
midday,g25_-12,1
midday,g25_-15,1
midday,g25_-2,2
midday,g25_-31,1
midday,g25_-4,1
midday,g25_-7,2
midday,g25_-8,3
midday,g25_0,24
midday,g25_1,3
midday,g25_10,2
midday,g25_11,1
midday,g25_14,4
midday,g25_2,5
midday,g25_21,1
midday,g25_22,1
midday,g25_25,2
midday,g25_3,1
midday,g25_4,15
midday,g25_43,1
midday,g25_5,2
midday,g25_6,1
midday,g25_7,3
midday,g25_8,1
midday,g25_9,5
midday,g26_-2,1
midday,g26_-3,2
midday,g26_-4,1
midday,g26_0,5
midday,g26_1,2
midday,g26_10,5
midday,g26_11,3
midday,g26_12,1
midday,g26_19,1
midday,g26_2,3
midday,g26_20,1
midday,g26_22,1
midday,g26_23,1
midday,g26_25,1
midday,g26_3,1
midday,g26_4,2
midday,g26_5,5
midday,g26_56,1
midday,g26_6,1
midday,g26_61,1
midday,g26_66,1
midday,g26_7,2
midday,g26_8,1
midday,g26_9,6
midday,g27_-10,8
midday,g27_-14,1
midday,g27_-16,3
midday,g27_-17,1
midday,g27_-19,1
midday,g27_-36,1
midday,g27_-7,2
midday,g27_0,2
midday,g27_1,2
midday,g27_10,3
midday,g27_11,1
midday,g27_12,1
midday,g27_2,4
midday,g27_3,3
midday,g27_31,1
midday,g27_39,1
midday,g27_4,3
midday,g27_5,4
midday,g27_6,3
midday,g27_61,1
midday,g27_62,1
midday,g27_65,1
midday,g28_-18,1
midday,g28_-2,1
midday,g28_-5,1
midday,g28_-6,1
midday,g28_11,4
midday,g28_12,1
midday,g28_13,1
midday,g28_15,1
midday,g28_2,2
midday,g28_3,2
midday,g28_4,3
midday,g28_5,8
midday,g28_58,1
midday,g29_-22,1
midday,g29_-5,1
midday,g29_0,2
midday,g29_1,1
midday,g29_10,3
midday,g29_11,1
midday,g29_12,1
midday,g29_13,1
midday,g29_14,1
midday,g29_2,1
midday,g29_3,4
midday,g29_4,2
midday,g29_44,1
midday,g29_5,3
midday,g2_-2,19
midday,g2_-3,8
midday,g2_-4,9
midday,g2_1,25
midday,g2_10,16
midday,g2_11,10
midday,g2_12,3
midday,g2_13,3
midday,g2_14,1
midday,g2_15,3
midday,g2_16,1
midday,g2_18,3
midday,g2_19,7
midday,g2_2,108
midday,g2_20,7
midday,g2_21,1462
midday,g2_22,184
midday,g2_23,1
midday,g2_26,1
midday,g2_28,1
midday,g2_3,169
midday,g2_4,149
midday,g2_40,1
midday,g2_5,124
midday,g2_6,51
midday,g2_7,48
midday,g2_8,181
midday,g2_9,24
midday,g30_-1,1
midday,g30_0,4
midday,g30_1,4
midday,g30_10,2
midday,g30_11,3
midday,g30_12,5
midday,g30_13,2
midday,g30_2,3
midday,g30_3,1
midday,g31_-12,1
midday,g31_-14,1
midday,g31_-2,1
midday,g31_-57,1
midday,g31_0,1
midday,g31_10,4
midday,g31_11,7
midday,g31_12,6
midday,g32_-15,1
midday,g32_-86,1
midday,g32_10,1
midday,g32_12,1
midday,g33_12,1
midday,g33_61,2
midday,g33_9,1
midday,g34_-17,1
midday,g34_-68,1
midday,g34_26,1
midday,g34_44,2
midday,g34_45,1
midday,g34_46,1
midday,g34_9,2
midday,g35_-13,1
midday,g35_-14,1
midday,g35_-17,2
midday,g35_11,1
midday,g35_46,1
midday,g35_8,1
midday,g36_-45,1
midday,g36_5,1
midday,g36_8,1
midday,g37_-110,1
midday,g37_-29,1
midday,g37_141,1
midday,g37_16,1
midday,g37_30,1
midday,g37_45,1
midday,g37_7,1
midday,g37_76,1
midday,g38_10,1
midday,g38_70,1
midday,g39_-21,1
midday,g39_21,1
midday,g3_-1,2
midday,g3_-2,2
midday,g3_-3,2
midday,g3_-4,4
midday,g3_-5,6
midday,g3_-6,11
midday,g3_-7,2
midday,g3_-8,5
midday,g3_-9,2
midday,g3_1,22
midday,g3_10,18
midday,g3_11,13
midday,g3_12,2
midday,g3_13,1
midday,g3_15,2
midday,g3_17,3
midday,g3_18,3
midday,g3_2,109
midday,g3_20,5
midday,g3_21,2
midday,g3_24,3
midday,g3_25,4
midday,g3_26,1
midday,g3_3,102
midday,g3_35,1
midday,g3_36,1
midday,g3_4,236
midday,g3_5,184
midday,g3_6,43
midday,g3_7,103
midday,g3_8,111
midday,g3_9,48
midday,g40_-204,1
midday,g40_24,1
midday,g40_25,1
midday,g40_26,2
midday,g40_87,1
midday,g40_9,1
midday,g41_-58,1
midday,g41_-9,1
midday,g41_6,1
midday,g41_91,1
midday,g42_-140,1
midday,g42_25,1
midday,g42_31,1
midday,g44_157,1
midday,g44_21,1
midday,g44_64,1
midday,g44_66,1
midday,g44_91,1
midday,g45_-64,1
midday,g45_91,1
midday,g46_19,1
midday,g46_93,1
midday,g47_-25,1
midday,g47_-65,1
midday,g47_-67,1
midday,g47_3,1
midday,g48_11,1
midday,g48_45,1
midday,g48_93,1
midday,g49_16,1
midday,g49_31,1
midday,g4_-1,4
midday,g4_-13,3
midday,g4_-15,3
midday,g4_-16,2
midday,g4_-18,2
midday,g4_-183,1
midday,g4_-3,6
midday,g4_-4,6
midday,g4_-5,5
midday,g4_-6,1
midday,g4_-7,4
midday,g4_-9,5
midday,g4_1,2
midday,g4_10,22
midday,g4_11,11
midday,g4_12,8
midday,g4_13,3
midday,g4_17,1
midday,g4_2,107
midday,g4_21,1
midday,g4_24,1
midday,g4_25,3
midday,g4_3,163
midday,g4_4,52
midday,g4_5,86
midday,g4_6,80
midday,g4_7,135
midday,g4_8,52
midday,g4_9,557
midday,g50_203,1
midday,g51_30,2
midday,g53_10,1
midday,g53_37,1
midday,g53_9,1
midday,g55_69,1
midday,g55_7,1
midday,g55_8,2
midday,g57_38,2
midday,g58_-26,1
midday,g58_31,1
midday,g59_-21,1
midday,g59_14,2
midday,g59_15,13
midday,g5_-14,2
midday,g5_-15,2
midday,g5_-16,3
midday,g5_-17,3
midday,g5_-2,6
midday,g5_-20,3
midday,g5_-21,2
midday,g5_-22,1
midday,g5_-3,12
midday,g5_-4,3
midday,g5_-5,2
midday,g5_-6,2
midday,g5_-7,1
midday,g5_-8,1
midday,g5_-9,3
midday,g5_0,36
midday,g5_1,3
midday,g5_10,17
midday,g5_11,11
midday,g5_14,1
midday,g5_15,1
midday,g5_16,1
midday,g5_2,239
midday,g5_21,1
midday,g5_22,1
midday,g5_23,2
midday,g5_25,2
midday,g5_26,1
midday,g5_3,499
midday,g5_4,130
midday,g5_5,277
midday,g5_6,323
midday,g5_7,97
midday,g5_8,92
midday,g5_9,108
midday,g61_29,2
midday,g61_66,1
midday,g62_12,1
midday,g63_22,1
midday,g63_3,1
midday,g63_67,3
midday,g64_-6,1
midday,g64_3,1
midday,g64_66,1
midday,g64_67,1
midday,g65_-13,1
midday,g65_66,1
midday,g65_67,1
midday,g66_16,1
midday,g66_28,1
midday,g67_-19,1
midday,g67_16,1
midday,g69_-28,1
midday,g6_-1,14
midday,g6_-11,4
midday,g6_-12,1
midday,g6_-13,2
midday,g6_-15,2
midday,g6_-17,1
midday,g6_-2,9
midday,g6_-23,2
midday,g6_-25,4
midday,g6_-27,1
midday,g6_-29,7
midday,g6_-3,6
midday,g6_-30,4
midday,g6_-31,2
midday,g6_-35,2
midday,g6_-4,3
midday,g6_-5,2
midday,g6_-6,1
midday,g6_-7,2
midday,g6_-8,1
midday,g6_-81,1
midday,g6_-89,1
midday,g6_0,30
midday,g6_1,93
midday,g6_10,20
midday,g6_11,7
midday,g6_12,5
midday,g6_13,5
midday,g6_14,6
midday,g6_15,4
midday,g6_18,1
midday,g6_19,1
midday,g6_197,1
midday,g6_2,64
midday,g6_21,1
midday,g6_23,1
midday,g6_26,6
midday,g6_27,1
midday,g6_29,1
midday,g6_3,174
midday,g6_4,382
midday,g6_5,260
midday,g6_6,43
midday,g6_7,29
midday,g6_8,73
midday,g6_9,25
midday,g70_-8,1
midday,g71_18,1
midday,g73_-17,1
midday,g74_-17,1
midday,g77_-21,1
midday,g7_-1,9
midday,g7_-10,11
midday,g7_-11,1
midday,g7_-12,1
midday,g7_-13,1
midday,g7_-2,4
midday,g7_-25,1
midday,g7_-28,2
midday,g7_-3,32
midday,g7_-30,1
midday,g7_-31,2
midday,g7_-4,2
midday,g7_-5,3
midday,g7_-6,3
midday,g7_-7,3
midday,g7_-8,2
midday,g7_-9,4
midday,g7_0,291
midday,g7_1,26
midday,g7_10,9
midday,g7_11,30
midday,g7_12,12
midday,g7_13,3
midday,g7_14,5
midday,g7_15,66
midday,g7_16,3
midday,g7_17,8
midday,g7_19,3
midday,g7_2,76
midday,g7_20,2
midday,g7_21,15
midday,g7_26,2
midday,g7_27,1
midday,g7_3,125
midday,g7_4,711
midday,g7_5,149
midday,g7_6,77
midday,g7_7,64
midday,g7_8,12
midday,g7_9,27
midday,g82_48,1
midday,g82_50,1
midday,g83_24,1
midday,g83_67,1
midday,g84_119,1
midday,g85_-91,1
midday,g85_123,1
midday,g85_16,1
midday,g85_69,1
midday,g87_-31,1
midday,g87_16,1
midday,g87_36,1
midday,g89_10,1
midday,g8_-1,18
midday,g8_-10,1
midday,g8_-11,1
midday,g8_-12,7
midday,g8_-14,1
midday,g8_-15,1
midday,g8_-16,1
midday,g8_-18,3
midday,g8_-2,15
midday,g8_-22,2
midday,g8_-26,1
midday,g8_-29,2
midday,g8_-3,17
midday,g8_-4,13
midday,g8_-48,1
midday,g8_-5,3
midday,g8_-6,3
midday,g8_-62,1
midday,g8_-7,3
midday,g8_-9,1
midday,g8_0,16
midday,g8_1,61
midday,g8_10,25
midday,g8_11,26
midday,g8_12,18
midday,g8_13,9
midday,g8_14,2
midday,g8_15,4
midday,g8_180,1
midday,g8_19,2
midday,g8_2,106
midday,g8_20,1
midday,g8_207,1
midday,g8_21,1
midday,g8_22,1
midday,g8_23,1
midday,g8_26,5
midday,g8_27,2
midday,g8_3,690
midday,g8_4,519
midday,g8_5,304
midday,g8_6,78
midday,g8_7,15
midday,g8_8,54
midday,g8_81,1
midday,g8_9,44
midday,g90_36,1
midday,g9_-1,45
midday,g9_-10,3
midday,g9_-13,1
midday,g9_-17,1
midday,g9_-2,13
midday,g9_-21,1
midday,g9_-3,12
midday,g9_-30,1
midday,g9_-31,1
midday,g9_-34,2
midday,g9_-4,6
midday,g9_-5,8
midday,g9_-6,3
midday,g9_-7,15
midday,g9_-8,5
midday,g9_-9,2
midday,g9_0,9
midday,g9_1,62
midday,g9_10,9
midday,g9_11,14
midday,g9_12,1
midday,g9_13,13
midday,g9_14,3
midday,g9_15,3
midday,g9_16,12
midday,g9_17,5
midday,g9_18,3
midday,g9_19,3
midday,g9_2,424
midday,g9_20,23
midday,g9_21,16
midday,g9_22,1
midday,g9_23,1
midday,g9_27,1
midday,g9_3,429
midday,g9_38,1
midday,g9_4,829
midday,g9_5,228
midday,g9_6,294
midday,g9_7,148
midday,g9_8,148
midday,g9_9,84
morning_peak,g-10_46,1
morning_peak,g-10_47,1
morning_peak,g-10_48,1
morning_peak,g-10_49,2
morning_peak,g-10_50,1
morning_peak,g-10_51,2
morning_peak,g-10_61,1
morning_peak,g-10_80,1
morning_peak,g-11_47,3
morning_peak,g-12_49,1
morning_peak,g-13_50,1
morning_peak,g-13_54,1
morning_peak,g-14_56,3
morning_peak,g-15_54,2
morning_peak,g-15_55,1
morning_peak,g-15_58,1
morning_peak,g-17_89,1
morning_peak,g-1_10,15
morning_peak,g-1_11,16
morning_peak,g-1_12,8
morning_peak,g-1_13,2
morning_peak,g-1_14,7
morning_peak,g-1_15,58
morning_peak,g-1_17,7
morning_peak,g-1_18,8
morning_peak,g-1_22,1
morning_peak,g-1_32,4
morning_peak,g-1_4,49
morning_peak,g-1_5,22
morning_peak,g-1_6,44
morning_peak,g-1_7,45
morning_peak,g-1_8,38
morning_peak,g-1_9,53
morning_peak,g-20_113,1
morning_peak,g-21_126,1
morning_peak,g-2_10,29
morning_peak,g-2_11,1
morning_peak,g-2_12,10
morning_peak,g-2_13,5
morning_peak,g-2_14,13
morning_peak,g-2_15,15
morning_peak,g-2_16,4
morning_peak,g-2_17,8
morning_peak,g-2_18,1
morning_peak,g-2_20,2
morning_peak,g-2_21,1
morning_peak,g-2_22,1
morning_peak,g-2_6,23
morning_peak,g-2_7,24
morning_peak,g-2_8,34
morning_peak,g-2_9,64
morning_peak,g-31_151,1
morning_peak,g-3_10,19
morning_peak,g-3_11,23
morning_peak,g-3_12,23
morning_peak,g-3_13,16
morning_peak,g-3_14,8
morning_peak,g-3_15,2
morning_peak,g-3_17,6
morning_peak,g-3_18,1
morning_peak,g-3_19,2
morning_peak,g-3_22,1
morning_peak,g-3_39,1
morning_peak,g-3_8,1
morning_peak,g-4_10,8
morning_peak,g-4_11,19
morning_peak,g-4_12,10
morning_peak,g-4_13,8
morning_peak,g-4_18,4
morning_peak,g-4_19,1
morning_peak,g-4_22,1
morning_peak,g-4_24,1
morning_peak,g-4_36,1
morning_peak,g-4_8,1
morning_peak,g-5_12,18
morning_peak,g-5_13,17
morning_peak,g-5_14,5
morning_peak,g-5_18,8
morning_peak,g-5_20,1
morning_peak,g-5_36,1
morning_peak,g-6_108,1
morning_peak,g-6_14,1
morning_peak,g-6_15,3
morning_peak,g-6_17,1
morning_peak,g-6_18,1
morning_peak,g-6_20,1
morning_peak,g-6_26,3
morning_peak,g-6_41,1
morning_peak,g-7_21,1
morning_peak,g-7_23,2
morning_peak,g-7_25,1
morning_peak,g-7_27,1
morning_peak,g-7_30,1
morning_peak,g-7_68,1
morning_peak,g-8_28,1
morning_peak,g-8_37,3
morning_peak,g-8_38,1
morning_peak,g-9_36,1
morning_peak,g-9_38,1
morning_peak,g-9_51,1
morning_peak,g0_10,74
morning_peak,g0_12,3
morning_peak,g0_16,2
morning_peak,g0_18,11
morning_peak,g0_19,2
morning_peak,g0_2,36
morning_peak,g0_3,132
morning_peak,g0_31,1
morning_peak,g0_32,1
morning_peak,g0_4,129
morning_peak,g0_44,1
morning_peak,g0_5,14
morning_peak,g0_6,10
morning_peak,g0_7,10
morning_peak,g0_8,41
morning_peak,g0_9,67
morning_peak,g107_-3,1
morning_peak,g10_-1,67
morning_peak,g10_-10,3
morning_peak,g10_-11,1
morning_peak,g10_-16,1
morning_peak,g10_-19,1
morning_peak,g10_-2,8
morning_peak,g10_-3,192
morning_peak,g10_-4,6
morning_peak,g10_-5,25
morning_peak,g10_-58,1
morning_peak,g10_-7,5
morning_peak,g10_-8,2
morning_peak,g10_-9,1
morning_peak,g10_0,85
morning_peak,g10_1,1724
morning_peak,g10_10,7
morning_peak,g10_11,4
morning_peak,g10_12,3
morning_peak,g10_13,3
morning_peak,g10_14,2
morning_peak,g10_15,1
morning_peak,g10_17,4
morning_peak,g10_18,1
morning_peak,g10_19,7
morning_peak,g10_2,405
morning_peak,g10_20,11
morning_peak,g10_21,2
morning_peak,g10_22,2
morning_peak,g10_26,1
morning_peak,g10_27,1
morning_peak,g10_28,2
morning_peak,g10_3,324
morning_peak,g10_4,122
morning_peak,g10_5,245
morning_peak,g10_6,109
morning_peak,g10_7,37
morning_peak,g10_8,37
morning_peak,g10_9,7
morning_peak,g115_-92,1
morning_peak,g117_86,1
morning_peak,g11_-1,317
morning_peak,g11_-14,18
morning_peak,g11_-2,37
morning_peak,g11_-25,1
morning_peak,g11_-26,1
morning_peak,g11_-3,23
morning_peak,g11_-4,30
morning_peak,g11_-5,8
morning_peak,g11_-6,5
morning_peak,g11_-7,3
morning_peak,g11_0,435
morning_peak,g11_1,694
morning_peak,g11_10,16
morning_peak,g11_11,27
morning_peak,g11_12,17
morning_peak,g11_13,2
morning_peak,g11_14,6
morning_peak,g11_15,3
morning_peak,g11_16,3
morning_peak,g11_17,2
morning_peak,g11_18,8
morning_peak,g11_19,10
morning_peak,g11_2,402
morning_peak,g11_20,12
morning_peak,g11_21,11
morning_peak,g11_26,5
morning_peak,g11_28,9
morning_peak,g11_3,274
morning_peak,g11_30,1
morning_peak,g11_4,109
morning_peak,g11_5,180
morning_peak,g11_6,139
morning_peak,g11_7,88
morning_peak,g11_8,68
morning_peak,g11_88,2
morning_peak,g11_9,56
morning_peak,g122_70,1
morning_peak,g126_9,1
morning_peak,g12_-1,69
morning_peak,g12_-13,1
morning_peak,g12_-14,1
morning_peak,g12_-2,41
morning_peak,g12_-3,75
morning_peak,g12_-4,46
morning_peak,g12_-5,23
morning_peak,g12_-6,18
morning_peak,g12_-7,1
morning_peak,g12_-8,3
morning_peak,g12_0,180
morning_peak,g12_1,1399
morning_peak,g12_10,16
morning_peak,g12_11,10
morning_peak,g12_12,17
morning_peak,g12_13,3
morning_peak,g12_14,4
morning_peak,g12_15,10
morning_peak,g12_17,3
morning_peak,g12_18,4
morning_peak,g12_19,3
morning_peak,g12_2,908
morning_peak,g12_20,3
morning_peak,g12_21,1
morning_peak,g12_22,3
morning_peak,g12_28,1
morning_peak,g12_29,1
morning_peak,g12_3,384
morning_peak,g12_32,1
morning_peak,g12_4,494
morning_peak,g12_5,305
morning_peak,g12_6,77
morning_peak,g12_7,147
morning_peak,g12_8,96
morning_peak,g12_9,67
morning_peak,g13_-1,12
morning_peak,g13_-10,3
morning_peak,g13_-13,4
morning_peak,g13_-14,1
morning_peak,g13_-15,1
morning_peak,g13_-2,16
morning_peak,g13_-3,19
morning_peak,g13_-4,47
morning_peak,g13_-5,7
morning_peak,g13_-6,5
morning_peak,g13_-7,8
morning_peak,g13_-8,4
morning_peak,g13_0,19
morning_peak,g13_1,244
morning_peak,g13_10,48
morning_peak,g13_11,2
morning_peak,g13_12,4
morning_peak,g13_13,2
morning_peak,g13_14,1
morning_peak,g13_15,1
morning_peak,g13_17,7
morning_peak,g13_18,4
morning_peak,g13_2,315
morning_peak,g13_20,2
morning_peak,g13_21,1
morning_peak,g13_23,1
morning_peak,g13_3,253
morning_peak,g13_4,276
morning_peak,g13_5,176
morning_peak,g13_6,69
morning_peak,g13_7,79
morning_peak,g13_8,129
morning_peak,g13_85,1
morning_peak,g13_9,1106
morning_peak,g13_90,1
morning_peak,g146_-143,1
morning_peak,g149_126,1
morning_peak,g14_-1,31
morning_peak,g14_-10,1
morning_peak,g14_-11,1
morning_peak,g14_-12,1
morning_peak,g14_-15,1
morning_peak,g14_-2,11
morning_peak,g14_-25,1
morning_peak,g14_-3,3
morning_peak,g14_-4,4
morning_peak,g14_-5,4
morning_peak,g14_-6,3
morning_peak,g14_-7,17
morning_peak,g14_-8,6
morning_peak,g14_0,42
morning_peak,g14_1,117
morning_peak,g14_10,49
morning_peak,g14_11,16
morning_peak,g14_12,3
morning_peak,g14_13,6
morning_peak,g14_14,5
morning_peak,g14_15,4
morning_peak,g14_16,2
morning_peak,g14_17,2
morning_peak,g14_2,189
morning_peak,g14_23,3
morning_peak,g14_24,1
morning_peak,g14_27,1
morning_peak,g14_3,184
morning_peak,g14_39,1
morning_peak,g14_4,175
morning_peak,g14_5,152
morning_peak,g14_6,195
morning_peak,g14_7,47
morning_peak,g14_8,120
morning_peak,g14_9,85
morning_peak,g15_-10,1
morning_peak,g15_-11,3
morning_peak,g15_-2,3
morning_peak,g15_-20,1
morning_peak,g15_-21,1
morning_peak,g15_-3,12
morning_peak,g15_-4,5
morning_peak,g15_-6,7
morning_peak,g15_-7,2
morning_peak,g15_-8,44
morning_peak,g15_-9,6
morning_peak,g15_1,71
morning_peak,g15_10,9
morning_peak,g15_11,11
morning_peak,g15_12,1
morning_peak,g15_139,2
morning_peak,g15_14,2
morning_peak,g15_15,2
morning_peak,g15_17,3
morning_peak,g15_19,1
morning_peak,g15_2,107
morning_peak,g15_3,58
morning_peak,g15_4,115
morning_peak,g15_5,345
morning_peak,g15_6,91
morning_peak,g15_7,94
morning_peak,g15_8,38
morning_peak,g15_9,34
morning_peak,g164_-124,1
morning_peak,g166_80,1
morning_peak,g16_-10,5
morning_peak,g16_-12,1
morning_peak,g16_-2,2
morning_peak,g16_-3,3
morning_peak,g16_-4,4
morning_peak,g16_-6,2
morning_peak,g16_-7,1
morning_peak,g16_-9,1
morning_peak,g16_0,2
morning_peak,g16_1,51
morning_peak,g16_10,27
morning_peak,g16_11,11
morning_peak,g16_12,7
morning_peak,g16_13,5
morning_peak,g16_14,1
morning_peak,g16_15,2
morning_peak,g16_17,1
morning_peak,g16_2,1504
morning_peak,g16_22,1
morning_peak,g16_3,9
morning_peak,g16_4,74
morning_peak,g16_5,134
morning_peak,g16_6,73
morning_peak,g16_7,103
morning_peak,g16_8,105
morning_peak,g16_9,135
morning_peak,g17_-1,3
morning_peak,g17_-10,3
morning_peak,g17_-16,1
morning_peak,g17_-18,1
morning_peak,g17_-2,1
morning_peak,g17_-29,1
morning_peak,g17_-3,8
morning_peak,g17_-36,1
morning_peak,g17_-4,1
morning_peak,g17_-5,2
morning_peak,g17_-6,3
morning_peak,g17_-68,1
morning_peak,g17_-7,3
morning_peak,g17_0,18
morning_peak,g17_1,49
morning_peak,g17_10,35
morning_peak,g17_11,25
morning_peak,g17_12,26
morning_peak,g17_13,3
morning_peak,g17_15,3
morning_peak,g17_19,1
morning_peak,g17_2,3
morning_peak,g17_20,2
morning_peak,g17_3,45
morning_peak,g17_32,1
morning_peak,g17_4,123
morning_peak,g17_43,1
morning_peak,g17_5,44
morning_peak,g17_6,43
morning_peak,g17_7,7
morning_peak,g17_8,10
morning_peak,g17_9,19
morning_peak,g181_24,1
morning_peak,g18_-1,5
morning_peak,g18_-11,1
morning_peak,g18_-14,1
morning_peak,g18_-17,1
morning_peak,g18_-4,1
morning_peak,g18_-6,1
morning_peak,g18_-8,2
morning_peak,g18_0,31
morning_peak,g18_1,8
morning_peak,g18_10,6
morning_peak,g18_11,3
morning_peak,g18_12,6
morning_peak,g18_13,3
morning_peak,g18_14,6
morning_peak,g18_15,4
morning_peak,g18_16,4
morning_peak,g18_18,1
morning_peak,g18_19,1
morning_peak,g18_2,10
morning_peak,g18_22,1
morning_peak,g18_3,26
morning_peak,g18_4,46
morning_peak,g18_5,102
morning_peak,g18_6,36
morning_peak,g18_7,5
morning_peak,g18_8,27
morning_peak,g18_9,11
morning_peak,g19_-1,14
morning_peak,g19_-10,1
morning_peak,g19_-11,2
morning_peak,g19_-18,1
morning_peak,g19_-19,2
morning_peak,g19_-2,8
morning_peak,g19_-21,1
morning_peak,g19_-3,1
morning_peak,g19_-5,1
morning_peak,g19_-6,3
morning_peak,g19_-7,1
morning_peak,g19_0,14
morning_peak,g19_1,4
morning_peak,g19_10,13
morning_peak,g19_11,30
morning_peak,g19_12,7
morning_peak,g19_13,2
morning_peak,g19_14,12
morning_peak,g19_15,11
morning_peak,g19_16,3
morning_peak,g19_18,2
morning_peak,g19_2,30
morning_peak,g19_20,1
morning_peak,g19_26,1
morning_peak,g19_3,18
morning_peak,g19_4,15
morning_peak,g19_42,1
morning_peak,g19_44,1
morning_peak,g19_5,17
morning_peak,g19_6,31
morning_peak,g19_7,66
morning_peak,g19_8,38
morning_peak,g19_9,9
morning_peak,g1_1,1
morning_peak,g1_10,4
morning_peak,g1_11,5
morning_peak,g1_16,2
morning_peak,g1_17,9
morning_peak,g1_18,6
morning_peak,g1_2,117
morning_peak,g1_20,3
morning_peak,g1_22,1
morning_peak,g1_29,1
morning_peak,g1_3,244
morning_peak,g1_33,1
morning_peak,g1_4,26
morning_peak,g1_5,87
morning_peak,g1_6,5
morning_peak,g1_7,31
morning_peak,g1_8,25
morning_peak,g1_9,5
morning_peak,g204_137,1
morning_peak,g20_-1,6
morning_peak,g20_-10,1
morning_peak,g20_-13,1
morning_peak,g20_-2,5
morning_peak,g20_-21,1
morning_peak,g20_-3,2
morning_peak,g20_-4,1
morning_peak,g20_-5,1
morning_peak,g20_-6,2
morning_peak,g20_0,9
morning_peak,g20_1,8
morning_peak,g20_10,10
morning_peak,g20_11,9
morning_peak,g20_12,2
morning_peak,g20_13,1
morning_peak,g20_14,6
morning_peak,g20_15,3
morning_peak,g20_16,10
morning_peak,g20_17,3
morning_peak,g20_18,1
morning_peak,g20_2,1
morning_peak,g20_20,1
morning_peak,g20_27,1
morning_peak,g20_3,5
morning_peak,g20_46,1
morning_peak,g20_6,11
morning_peak,g20_7,26
morning_peak,g20_8,17
morning_peak,g20_9,1
morning_peak,g21_-1,3
morning_peak,g21_-10,1
morning_peak,g21_-25,1
morning_peak,g21_-3,3
morning_peak,g21_-4,1
morning_peak,g21_-48,1
morning_peak,g21_-7,2
morning_peak,g21_-8,1
morning_peak,g21_-9,2
morning_peak,g21_0,11
morning_peak,g21_1,11
morning_peak,g21_10,11
morning_peak,g21_14,1
morning_peak,g21_15,24
morning_peak,g21_16,5
morning_peak,g21_17,28
morning_peak,g21_18,4
morning_peak,g21_2,1
morning_peak,g21_20,1
morning_peak,g21_26,1
morning_peak,g21_4,5
morning_peak,g21_5,5
morning_peak,g21_54,1
morning_peak,g21_6,10
morning_peak,g21_7,8
morning_peak,g21_8,13
morning_peak,g21_9,3
morning_peak,g22_-14,5
morning_peak,g22_-2,1
morning_peak,g22_-3,2
morning_peak,g22_-5,1
morning_peak,g22_-9,2
morning_peak,g22_0,8
morning_peak,g22_1,9
morning_peak,g22_11,3
morning_peak,g22_13,1
morning_peak,g22_14,4
morning_peak,g22_15,3
morning_peak,g22_16,11
morning_peak,g22_17,9
morning_peak,g22_18,6
morning_peak,g22_19,1
morning_peak,g22_2,7
morning_peak,g22_3,1
morning_peak,g22_4,6
morning_peak,g22_45,1
morning_peak,g22_5,4
morning_peak,g22_6,7
morning_peak,g22_7,25
morning_peak,g22_77,1
morning_peak,g22_8,14
morning_peak,g23_-19,1
morning_peak,g23_-2,2
morning_peak,g23_-3,4
morning_peak,g23_-4,1
morning_peak,g23_0,3
morning_peak,g23_1,2
morning_peak,g23_10,4
morning_peak,g23_11,3
morning_peak,g23_12,5
morning_peak,g23_13,1
morning_peak,g23_14,2
morning_peak,g23_15,2
morning_peak,g23_16,1
morning_peak,g23_17,5
morning_peak,g23_18,2
morning_peak,g23_19,6
morning_peak,g23_2,10
morning_peak,g23_22,1
morning_peak,g23_3,4
morning_peak,g23_47,1
morning_peak,g23_5,5
morning_peak,g23_6,2
morning_peak,g23_7,5
morning_peak,g23_8,4
morning_peak,g23_9,2
morning_peak,g243_-58,1
morning_peak,g24_-1,24
morning_peak,g24_-10,1
morning_peak,g24_-2,5
morning_peak,g24_-32,1
morning_peak,g24_-35,1
morning_peak,g24_-36,1
morning_peak,g24_-5,1
morning_peak,g24_0,11
morning_peak,g24_1,14
morning_peak,g24_10,6
morning_peak,g24_11,1
morning_peak,g24_13,1
morning_peak,g24_15,1
morning_peak,g24_18,2
morning_peak,g24_21,2
morning_peak,g24_22,1
morning_peak,g24_4,1
morning_peak,g24_5,2
morning_peak,g24_6,1
morning_peak,g24_64,1
morning_peak,g24_7,2
morning_peak,g24_8,2
morning_peak,g24_9,2
morning_peak,g25_-1,19
morning_peak,g25_-4,1
morning_peak,g25_-7,1
morning_peak,g25_-8,1
morning_peak,g25_0,21
morning_peak,g25_1,2
morning_peak,g25_10,3
morning_peak,g25_14,2
morning_peak,g25_15,2
morning_peak,g25_16,2
morning_peak,g25_2,1
morning_peak,g25_20,1
morning_peak,g25_3,2
morning_peak,g25_4,6
morning_peak,g25_6,2
morning_peak,g25_7,1
morning_peak,g25_9,4
morning_peak,g26_-1,2
morning_peak,g26_-3,1
morning_peak,g26_-9,1
morning_peak,g26_0,2
morning_peak,g26_1,3
morning_peak,g26_10,5
morning_peak,g26_11,4
morning_peak,g26_145,1
morning_peak,g26_18,1
morning_peak,g26_20,2
morning_peak,g26_22,1
morning_peak,g26_3,1
morning_peak,g26_4,1
morning_peak,g26_5,7
morning_peak,g26_59,1
morning_peak,g26_6,1
morning_peak,g26_7,1
morning_peak,g26_8,1
morning_peak,g26_9,3
morning_peak,g27_-1,1
morning_peak,g27_-10,11
morning_peak,g27_-14,1
morning_peak,g27_-17,1
morning_peak,g27_-9,5
morning_peak,g27_12,2
morning_peak,g27_20,1
morning_peak,g27_25,1
morning_peak,g27_3,2
morning_peak,g27_31,1
morning_peak,g27_4,1
morning_peak,g27_5,3
morning_peak,g27_53,1
morning_peak,g27_58,1
morning_peak,g27_59,1
morning_peak,g27_6,1
morning_peak,g27_62,1
morning_peak,g28_-13,1
morning_peak,g28_-42,1
morning_peak,g28_-5,2
morning_peak,g28_-6,5
morning_peak,g28_11,7
morning_peak,g28_12,1
morning_peak,g28_13,3
morning_peak,g28_15,5
morning_peak,g28_2,1
morning_peak,g28_4,1
morning_peak,g28_5,1
morning_peak,g28_6,2
morning_peak,g28_63,1
morning_peak,g29_-13,2
morning_peak,g29_-6,1
morning_peak,g29_1,1
morning_peak,g29_12,3
morning_peak,g29_13,2
morning_peak,g29_14,3
morning_peak,g29_3,3
morning_peak,g2_-2,2
morning_peak,g2_-3,3
morning_peak,g2_-4,3
morning_peak,g2_1,14
morning_peak,g2_10,13
morning_peak,g2_11,14
morning_peak,g2_12,3
morning_peak,g2_13,2
morning_peak,g2_18,4
morning_peak,g2_19,7
morning_peak,g2_2,100
morning_peak,g2_20,14
morning_peak,g2_21,2198
morning_peak,g2_22,180
morning_peak,g2_23,1
morning_peak,g2_24,1
morning_peak,g2_26,2
morning_peak,g2_28,1
morning_peak,g2_3,122
morning_peak,g2_4,157
morning_peak,g2_5,127
morning_peak,g2_6,48
morning_peak,g2_7,68
morning_peak,g2_8,180
morning_peak,g2_9,24
morning_peak,g30_-10,2
morning_peak,g30_0,1
morning_peak,g30_1,1
morning_peak,g30_10,22
morning_peak,g30_11,4
morning_peak,g30_12,4
morning_peak,g30_13,2
morning_peak,g30_14,2
morning_peak,g30_3,1
morning_peak,g31_-12,1
morning_peak,g31_-17,1
morning_peak,g31_-55,1
morning_peak,g31_11,4
morning_peak,g31_12,5
morning_peak,g32_0,1
morning_peak,g32_10,1
morning_peak,g32_12,1
morning_peak,g33_86,1
morning_peak,g34_95,1
morning_peak,g35_-14,1
morning_peak,g35_-8,2
morning_peak,g35_40,1
morning_peak,g35_42,1
morning_peak,g35_45,1
morning_peak,g36_-19,1
morning_peak,g36_9,1
morning_peak,g39_10,1
morning_peak,g39_9,4
morning_peak,g3_-2,1
morning_peak,g3_-4,3
morning_peak,g3_-5,2
morning_peak,g3_-6,3
morning_peak,g3_-8,2
morning_peak,g3_-9,1
morning_peak,g3_1,20
morning_peak,g3_10,39
morning_peak,g3_11,20
morning_peak,g3_12,2
morning_peak,g3_13,4
morning_peak,g3_14,1
morning_peak,g3_18,4
morning_peak,g3_2,86
morning_peak,g3_20,8
morning_peak,g3_21,6
morning_peak,g3_22,7
morning_peak,g3_23,2
morning_peak,g3_24,2
morning_peak,g3_25,1
morning_peak,g3_26,1
morning_peak,g3_27,1
morning_peak,g3_29,1
morning_peak,g3_3,115
morning_peak,g3_4,147
morning_peak,g3_5,167
morning_peak,g3_6,51
morning_peak,g3_7,52
morning_peak,g3_8,101
morning_peak,g3_9,100
morning_peak,g40_-37,1
morning_peak,g40_21,1
morning_peak,g40_25,2
morning_peak,g40_26,1
morning_peak,g41_-206,1
morning_peak,g42_-57,2
morning_peak,g42_153,1
morning_peak,g43_-13,1
morning_peak,g43_-208,2
morning_peak,g43_59,1
morning_peak,g44_17,1
morning_peak,g44_90,1
morning_peak,g44_94,1
morning_peak,g45_2,1
morning_peak,g45_23,1
morning_peak,g46_108,1
morning_peak,g46_51,1
morning_peak,g46_90,1
morning_peak,g48_-63,1
morning_peak,g48_-65,1
morning_peak,g48_29,1
morning_peak,g48_31,1
morning_peak,g48_46,1
morning_peak,g48_93,1
morning_peak,g4_-1,4
morning_peak,g4_-10,2
morning_peak,g4_-12,3
morning_peak,g4_-13,1
morning_peak,g4_-15,1
morning_peak,g4_-16,3
morning_peak,g4_-2,3
morning_peak,g4_-20,1
morning_peak,g4_-3,1
morning_peak,g4_-4,1
morning_peak,g4_-5,1
morning_peak,g4_-6,1
morning_peak,g4_-7,2
morning_peak,g4_1,4
morning_peak,g4_10,27
morning_peak,g4_11,17
morning_peak,g4_12,7
morning_peak,g4_13,2
morning_peak,g4_14,1
morning_peak,g4_16,3
morning_peak,g4_17,5
morning_peak,g4_19,1
morning_peak,g4_2,65
morning_peak,g4_22,1
morning_peak,g4_25,4
morning_peak,g4_3,95
morning_peak,g4_4,53
morning_peak,g4_5,96
morning_peak,g4_6,80
morning_peak,g4_7,149
morning_peak,g4_8,50
morning_peak,g4_9,289
morning_peak,g50_31,1
morning_peak,g50_58,1
morning_peak,g51_-168,1
morning_peak,g51_30,2
morning_peak,g51_92,1
morning_peak,g52_27,1
morning_peak,g52_61,1
morning_peak,g53_31,1
morning_peak,g53_36,1
morning_peak,g54_26,1
morning_peak,g56_38,1
morning_peak,g56_42,1
morning_peak,g57_33,1
morning_peak,g58_14,3
morning_peak,g58_31,1
morning_peak,g59_14,1
morning_peak,g59_15,6
morning_peak,g5_-1,4
morning_peak,g5_-12,1
morning_peak,g5_-14,3
morning_peak,g5_-16,2
morning_peak,g5_-17,3
morning_peak,g5_-2,5
morning_peak,g5_-20,1
morning_peak,g5_-22,1
morning_peak,g5_-3,5
morning_peak,g5_-4,1
morning_peak,g5_-5,4
morning_peak,g5_-8,4
morning_peak,g5_-88,1
morning_peak,g5_0,17
morning_peak,g5_1,5
morning_peak,g5_10,21
morning_peak,g5_11,7
morning_peak,g5_13,2
morning_peak,g5_14,1
morning_peak,g5_15,1
morning_peak,g5_16,1
morning_peak,g5_2,186
morning_peak,g5_21,1
morning_peak,g5_22,2
morning_peak,g5_23,2
morning_peak,g5_24,4
morning_peak,g5_25,1
morning_peak,g5_26,2
morning_peak,g5_3,286
morning_peak,g5_4,92
morning_peak,g5_5,183
morning_peak,g5_6,233
morning_peak,g5_7,57
morning_peak,g5_8,130
morning_peak,g5_9,113
morning_peak,g60_14,1
morning_peak,g62_-14,1
morning_peak,g62_12,1
morning_peak,g62_53,1
morning_peak,g62_64,1
morning_peak,g62_72,1
morning_peak,g63_67,1
morning_peak,g64_66,1
morning_peak,g65_13,1
morning_peak,g65_67,1
morning_peak,g65_68,2
morning_peak,g65_71,1
morning_peak,g67_15,1
morning_peak,g68_14,1
morning_peak,g68_97,1
morning_peak,g6_-1,9
morning_peak,g6_-11,4
morning_peak,g6_-110,1
morning_peak,g6_-112,1
morning_peak,g6_-13,3
morning_peak,g6_-15,1
morning_peak,g6_-16,1
morning_peak,g6_-17,2
morning_peak,g6_-19,1
morning_peak,g6_-2,11
morning_peak,g6_-20,1
morning_peak,g6_-23,1
morning_peak,g6_-25,4
morning_peak,g6_-26,1
morning_peak,g6_-29,2
morning_peak,g6_-3,7
morning_peak,g6_-30,4
morning_peak,g6_-31,3
morning_peak,g6_-33,1
morning_peak,g6_-6,2
morning_peak,g6_-86,1
morning_peak,g6_0,9
morning_peak,g6_1,19
morning_peak,g6_10,14
morning_peak,g6_11,3
morning_peak,g6_12,17
morning_peak,g6_13,1
morning_peak,g6_14,5
morning_peak,g6_16,2
morning_peak,g6_17,1
morning_peak,g6_2,59
morning_peak,g6_22,2
morning_peak,g6_24,1
morning_peak,g6_26,13
morning_peak,g6_27,5
morning_peak,g6_3,115
morning_peak,g6_38,2
morning_peak,g6_4,272
morning_peak,g6_5,161
morning_peak,g6_6,54
morning_peak,g6_7,44
morning_peak,g6_8,75
morning_peak,g6_9,17
morning_peak,g71_18,1
morning_peak,g73_-22,1
morning_peak,g77_4,1
morning_peak,g7_-1,14
morning_peak,g7_-10,3
morning_peak,g7_-13,1
morning_peak,g7_-14,1
morning_peak,g7_-17,1
morning_peak,g7_-2,4
morning_peak,g7_-20,1
morning_peak,g7_-25,1
morning_peak,g7_-27,1
morning_peak,g7_-3,48
morning_peak,g7_-30,2
morning_peak,g7_-31,4
morning_peak,g7_-4,2
morning_peak,g7_-48,3
morning_peak,g7_-5,3
morning_peak,g7_-7,4
morning_peak,g7_-8,2
morning_peak,g7_0,257
morning_peak,g7_1,28
morning_peak,g7_10,5
morning_peak,g7_11,15
morning_peak,g7_12,8
morning_peak,g7_13,7
morning_peak,g7_14,5
morning_peak,g7_15,23
morning_peak,g7_17,4
morning_peak,g7_19,1
morning_peak,g7_2,141
morning_peak,g7_20,3
morning_peak,g7_21,89
morning_peak,g7_23,2
morning_peak,g7_24,1
morning_peak,g7_26,5
morning_peak,g7_3,187
morning_peak,g7_38,1
morning_peak,g7_4,391
morning_peak,g7_5,182
morning_peak,g7_6,61
morning_peak,g7_7,34
morning_peak,g7_8,21
morning_peak,g7_9,22
morning_peak,g81_50,2
morning_peak,g84_27,1
morning_peak,g85_69,1
morning_peak,g88_75,1
morning_peak,g8_-1,19
morning_peak,g8_-10,1
morning_peak,g8_-12,1
morning_peak,g8_-14,1
morning_peak,g8_-15,1
morning_peak,g8_-17,1
morning_peak,g8_-2,10
morning_peak,g8_-3,16
morning_peak,g8_-30,1
morning_peak,g8_-37,1
morning_peak,g8_-4,7
morning_peak,g8_-48,1
morning_peak,g8_-5,1
morning_peak,g8_-6,2
morning_peak,g8_-7,3
morning_peak,g8_0,18
morning_peak,g8_1,46
morning_peak,g8_10,24
morning_peak,g8_11,38
morning_peak,g8_12,5
morning_peak,g8_13,4
morning_peak,g8_14,5
morning_peak,g8_15,2
morning_peak,g8_16,3
morning_peak,g8_18,1
morning_peak,g8_19,1
morning_peak,g8_2,86
morning_peak,g8_20,3
morning_peak,g8_207,1
morning_peak,g8_21,2
morning_peak,g8_23,1
morning_peak,g8_24,2
morning_peak,g8_25,1
morning_peak,g8_26,13
morning_peak,g8_27,2
morning_peak,g8_3,476
morning_peak,g8_4,383
morning_peak,g8_5,217
morning_peak,g8_6,61
morning_peak,g8_7,26
morning_peak,g8_8,36
morning_peak,g8_9,38
morning_peak,g92_69,1
morning_peak,g93_-10,1
morning_peak,g96_24,1
morning_peak,g9_-1,31
morning_peak,g9_-10,4
morning_peak,g9_-12,1
morning_peak,g9_-18,1
morning_peak,g9_-2,16
morning_peak,g9_-3,35
morning_peak,g9_-4,6
morning_peak,g9_-5,3
morning_peak,g9_-6,1
morning_peak,g9_-7,4
morning_peak,g9_-9,1
morning_peak,g9_0,2
morning_peak,g9_1,106
morning_peak,g9_10,14
morning_peak,g9_11,5
morning_peak,g9_12,11
morning_peak,g9_13,20
morning_peak,g9_14,1
morning_peak,g9_15,9
morning_peak,g9_16,29
morning_peak,g9_17,5
morning_peak,g9_18,1
morning_peak,g9_19,3
morning_peak,g9_2,342
morning_peak,g9_20,11
morning_peak,g9_21,3
morning_peak,g9_22,3
morning_peak,g9_23,1
morning_peak,g9_3,298
morning_peak,g9_4,956
morning_peak,g9_5,156
morning_peak,g9_6,225
morning_peak,g9_7,135
morning_peak,g9_8,99
morning_peak,g9_9,42
night,g-10_48,1
night,g-11_-112,1
night,g-11_47,1
night,g-13_53,2
night,g-14_52,1
night,g-14_53,2
night,g-15_53,2
night,g-15_54,1
night,g-16_56,1
night,g-1_-144,1
night,g-1_10,4
night,g-1_12,1
night,g-1_13,2
night,g-1_15,5
night,g-1_18,5
night,g-1_20,1
night,g-1_32,1
night,g-1_33,1
night,g-1_4,23
night,g-1_5,12
night,g-1_6,10
night,g-1_7,25
night,g-1_8,17
night,g-1_9,20
night,g-2_10,18
night,g-2_12,25
night,g-2_13,2
night,g-2_14,22
night,g-2_15,3
night,g-2_16,1
night,g-2_19,2
night,g-2_6,1
night,g-2_7,18
night,g-2_8,17
night,g-2_9,82
night,g-3_10,16
night,g-3_11,10
night,g-3_12,6
night,g-3_13,2
night,g-3_15,1
night,g-3_17,1
night,g-3_18,2
night,g-3_9,13
night,g-4_10,9
night,g-4_11,13
night,g-4_12,2
night,g-4_19,1
night,g-4_20,2
night,g-5_12,1
night,g-5_13,9
night,g-5_18,1
night,g-5_42,1
night,g-5_46,1
night,g-6_14,9
night,g-6_15,8
night,g-6_18,4
night,g-6_20,1
night,g-6_39,1
night,g-7_22,1
night,g-7_23,1
night,g-7_28,3
night,g-7_30,1
night,g-8_23,1
night,g-8_28,1
night,g-8_29,1
night,g-8_30,1
night,g-8_38,1
night,g0_10,5
night,g0_19,1
night,g0_2,9
night,g0_29,1
night,g0_3,101
night,g0_4,39
night,g0_5,1
night,g0_6,1
night,g0_7,2
night,g0_8,16
night,g0_9,12
night,g10_-1,55
night,g10_-11,1
night,g10_-2,3
night,g10_-3,23
night,g10_-4,3
night,g10_-5,3
night,g10_-7,2
night,g10_0,55
night,g10_1,259
night,g10_10,2
night,g10_11,2
night,g10_12,1
night,g10_15,3
night,g10_18,1
night,g10_19,4
night,g10_2,290
night,g10_20,5
night,g10_21,13
night,g10_22,2
night,g10_222,1
night,g10_28,1
night,g10_29,1
night,g10_3,135
night,g10_4,39
night,g10_5,96
night,g10_6,86
night,g10_7,36
night,g10_8,25
night,g10_9,1
night,g110_-87,1
night,g11_-1,143
night,g11_-2,105
night,g11_-3,14
night,g11_-4,54
night,g11_-6,9
night,g11_-7,3
night,g11_-8,3
night,g11_-9,13
night,g11_0,560
night,g11_1,804
night,g11_10,13
night,g11_11,12
night,g11_12,7
night,g11_13,1
night,g11_14,4
night,g11_15,6
night,g11_16,2
night,g11_17,1
night,g11_19,4
night,g11_2,631
night,g11_20,3
night,g11_21,1
night,g11_22,1
night,g11_27,2
night,g11_28,1
night,g11_3,166
night,g11_4,88
night,g11_5,92
night,g11_6,61
night,g11_7,90
night,g11_8,62
night,g11_88,1
night,g11_9,19
night,g12_-1,33
night,g12_-10,2
night,g12_-12,1
night,g12_-16,1
night,g12_-2,15
night,g12_-3,29
night,g12_-4,40
night,g12_-5,12
night,g12_-6,17
night,g12_-7,1
night,g12_-8,7
night,g12_0,224
night,g12_1,696
night,g12_10,8
night,g12_11,11
night,g12_12,6
night,g12_13,3
night,g12_17,1
night,g12_18,2
night,g12_19,3
night,g12_2,385
night,g12_20,2
night,g12_22,1
night,g12_24,1
night,g12_3,276
night,g12_4,155
night,g12_5,181
night,g12_6,48
night,g12_7,42
night,g12_8,40
night,g12_9,20
night,g13_-1,8
night,g13_-10,16
night,g13_-12,2
night,g13_-14,1
night,g13_-18,1
night,g13_-2,9
night,g13_-3,11
night,g13_-4,21
night,g13_-5,3
night,g13_-6,6
night,g13_-7,5
night,g13_-8,7
night,g13_-9,4
night,g13_0,26
night,g13_1,230
night,g13_10,40
night,g13_11,4
night,g13_12,2
night,g13_17,2
night,g13_18,1
night,g13_19,1
night,g13_2,119
night,g13_21,1
night,g13_3,221
night,g13_4,367
night,g13_5,177
night,g13_6,23
night,g13_7,15
night,g13_8,5
night,g13_9,116
night,g149_4,1
night,g14_-1,21
night,g14_-10,4
night,g14_-12,1
night,g14_-17,1
night,g14_-2,1
night,g14_-3,2
night,g14_-4,3
night,g14_-5,4
night,g14_-7,4
night,g14_-8,2
night,g14_-9,1
night,g14_0,11
night,g14_1,55
night,g14_10,68
night,g14_11,12
night,g14_12,2
night,g14_14,1
night,g14_16,1
night,g14_2,237
night,g14_21,1
night,g14_3,74
night,g14_4,88
night,g14_5,63
night,g14_6,43
night,g14_7,34
night,g14_8,2
night,g14_9,31
night,g156_35,1
night,g158_34,1
night,g15_-10,10
night,g15_-11,1
night,g15_-12,1
night,g15_-3,10
night,g15_-4,6
night,g15_-5,1
night,g15_-6,1
night,g15_-7,1
night,g15_-9,12
night,g15_0,2
night,g15_1,38
night,g15_10,3
night,g15_11,9
night,g15_12,2
night,g15_13,3
night,g15_15,1
night,g15_17,5
night,g15_18,1
night,g15_2,36
night,g15_20,1
night,g15_22,1
night,g15_3,24
night,g15_4,54
night,g15_5,110
night,g15_6,38
night,g15_7,51
night,g15_8,18
night,g15_9,12
night,g16_-1,3
night,g16_-18,1
night,g16_-2,17
night,g16_-3,4
night,g16_-4,5
night,g16_-6,1
night,g16_-7,1
night,g16_0,1
night,g16_1,25
night,g16_10,14
night,g16_11,4
night,g16_12,2
night,g16_13,1
night,g16_17,1
night,g16_2,120
night,g16_23,1
night,g16_3,6
night,g16_37,1
night,g16_4,19
night,g16_5,143
night,g16_6,62
night,g16_7,40
night,g16_8,102
night,g16_9,52
night,g17_-10,1
night,g17_-14,1
night,g17_-19,1
night,g17_-2,2
night,g17_-3,1
night,g17_-4,5
night,g17_-5,4
night,g17_-7,3
night,g17_-9,2
night,g17_0,10
night,g17_1,36
night,g17_10,19
night,g17_11,15
night,g17_12,15
night,g17_13,2
night,g17_14,3
night,g17_15,3
night,g17_16,1
night,g17_19,1
night,g17_2,2
night,g17_3,25
night,g17_4,66
night,g17_5,33
night,g17_6,20
night,g17_7,11
night,g17_8,11
night,g17_9,5
night,g18_-1,3
night,g18_-10,1
night,g18_-20,3
night,g18_-5,1
night,g18_-8,1
night,g18_0,257
night,g18_1,14
night,g18_10,7
night,g18_11,2
night,g18_12,12
night,g18_14,4
night,g18_15,5
night,g18_16,3
night,g18_17,4
night,g18_2,10
night,g18_3,18
night,g18_4,39
night,g18_5,39
night,g18_6,10
night,g18_7,2
night,g18_8,9
night,g18_9,13
night,g19_-1,2
night,g19_-2,5
night,g19_-5,1
night,g19_-7,1
night,g19_-8,1
night,g19_0,11
night,g19_1,4
night,g19_10,1
night,g19_11,1
night,g19_12,8
night,g19_14,6
night,g19_15,3
night,g19_18,1
night,g19_2,33
night,g19_3,39
night,g19_4,16
night,g19_5,24
night,g19_6,17
night,g19_7,49
night,g19_8,15
night,g19_9,5
night,g1_-60,2
night,g1_10,5
night,g1_11,2
night,g1_12,2
night,g1_13,3
night,g1_16,1
night,g1_2,116
night,g1_28,1
night,g1_3,43
night,g1_4,28
night,g1_5,12
night,g1_6,2
night,g1_7,3
night,g1_8,3
night,g1_9,14
night,g20_-1,13
night,g20_-10,1
night,g20_-2,7
night,g20_-3,5
night,g20_-4,1
night,g20_-6,1
night,g20_0,6
night,g20_1,9
night,g20_10,6
night,g20_11,8
night,g20_13,1
night,g20_14,7
night,g20_15,17
night,g20_16,3
night,g20_17,2
night,g20_18,1
night,g20_3,7
night,g20_5,1
night,g20_50,1
night,g20_6,27
night,g20_7,7
night,g20_8,9
night,g20_9,2
night,g21_-10,2
night,g21_-26,1
night,g21_-3,1
night,g21_-9,1
night,g21_0,8
night,g21_1,11
night,g21_10,11
night,g21_11,1
night,g21_13,1
night,g21_14,2
night,g21_17,8
night,g21_19,1
night,g21_2,2
night,g21_4,14
night,g21_5,4
night,g21_6,4
night,g21_7,6
night,g21_8,4
night,g21_9,8
night,g22_-3,1
night,g22_0,4
night,g22_1,2
night,g22_10,4
night,g22_11,3
night,g22_14,1
night,g22_15,2
night,g22_16,4
night,g22_17,2
night,g22_18,4
night,g22_20,1
night,g22_23,1
night,g22_28,1
night,g22_4,6
night,g22_6,5
night,g22_7,5
night,g22_8,1
night,g23_-11,1
night,g23_-78,1
night,g23_1,1
night,g23_10,2
night,g23_11,1
night,g23_12,1
night,g23_14,1
night,g23_15,5
night,g23_16,3
night,g23_17,1
night,g23_4,1
night,g23_5,14
night,g23_6,1
night,g23_7,3
night,g23_8,5
night,g24_-1,3
night,g24_-23,1
night,g24_-3,4
night,g24_-35,1
night,g24_-6,1
night,g24_-7,4
night,g24_1,2
night,g24_10,1
night,g24_13,1
night,g24_17,1
night,g24_19,1
night,g24_2,3
night,g24_21,1
night,g24_5,1
night,g24_9,1
night,g25_-1,8
night,g25_-7,1
night,g25_-8,1
night,g25_1,2
night,g25_10,4
night,g25_14,1
night,g25_15,2
night,g25_16,1
night,g25_2,1
night,g25_22,1
night,g25_3,3
night,g25_4,5
night,g25_6,1
night,g25_9,1
night,g26_-1,1
night,g26_-3,1
night,g26_-5,1
night,g26_-9,1
night,g26_0,1
night,g26_1,2
night,g26_10,2
night,g26_11,4
night,g26_19,1
night,g26_2,3
night,g26_21,1
night,g26_22,1
night,g26_23,1
night,g26_4,2
night,g26_5,4
night,g26_6,2
night,g26_7,5
night,g26_9,2
night,g27_-1,1
night,g27_-16,3
night,g27_-17,1
night,g27_0,1
night,g27_1,1
night,g27_10,1
night,g27_11,1
night,g27_12,1
night,g27_2,1
night,g27_21,1
night,g27_3,1
night,g27_4,1
night,g27_5,12
night,g27_6,2
night,g27_65,3
night,g28_-13,1
night,g28_-47,1
night,g28_-56,1
night,g28_-6,1
night,g28_12,3
night,g28_13,1
night,g28_2,1
night,g28_3,1
night,g28_4,1
night,g28_6,1
night,g29_-14,1
night,g29_-46,4
night,g29_-5,1
night,g29_11,1
night,g29_3,1
night,g29_4,1
night,g29_59,1
night,g2_-1,1
night,g2_-2,24
night,g2_-3,3
night,g2_-4,3
night,g2_1,9
night,g2_10,6
night,g2_11,2
night,g2_12,1
night,g2_13,1
night,g2_15,1
night,g2_2,46
night,g2_20,3
night,g2_21,58
night,g2_22,18
night,g2_24,1
night,g2_27,1
night,g2_3,41
night,g2_4,20
night,g2_5,14
night,g2_6,11
night,g2_7,22
night,g2_8,16
night,g2_9,5
night,g30_0,5
night,g30_10,1
night,g30_11,4
night,g30_12,4
night,g31_-1,1
night,g31_-11,1
night,g31_-15,1
night,g31_10,1
night,g31_11,3
night,g31_12,1
night,g32_12,2
night,g33_-55,1
night,g33_47,1
night,g34_-55,1
night,g34_15,1
night,g34_31,1
night,g34_44,1
night,g35_-16,1
night,g35_44,1
night,g36_-160,1
night,g36_82,1
night,g37_18,1
night,g37_7,2
night,g38_-8,1
night,g38_10,1
night,g39_10,1
night,g39_9,1
night,g3_-2,1
night,g3_-3,1
night,g3_-4,5
night,g3_-5,2
night,g3_-6,2
night,g3_-7,5
night,g3_-8,2
night,g3_-9,1
night,g3_1,12
night,g3_10,5
night,g3_11,6
night,g3_12,1
night,g3_15,3
night,g3_16,1
night,g3_2,47
night,g3_21,1
night,g3_23,1
night,g3_24,1
night,g3_25,1
night,g3_3,43
night,g3_4,26
night,g3_5,28
night,g3_6,28
night,g3_7,47
night,g3_8,14
night,g3_9,9
night,g41_-202,1
night,g41_20,1
night,g41_49,1
night,g42_100,1
night,g42_27,1
night,g42_50,1
night,g42_98,1
night,g43_-14,1
night,g44_-128,1
night,g44_-55,1
night,g45_2,1
night,g47_14,1
night,g48_-65,1
night,g48_92,1
night,g4_-1,3
night,g4_-10,1
night,g4_-12,2
night,g4_-13,2
night,g4_-19,1
night,g4_-4,2
night,g4_-5,3
night,g4_-6,1
night,g4_-7,21
night,g4_-8,2
night,g4_-9,1
night,g4_0,1
night,g4_10,13
night,g4_11,6
night,g4_13,2
night,g4_2,63
night,g4_25,4
night,g4_3,152
night,g4_4,38
night,g4_5,17
night,g4_6,29
night,g4_7,29
night,g4_8,6
night,g4_9,128
night,g52_39,1
night,g53_59,1
night,g57_37,1
night,g58_14,1
night,g59_14,2
night,g59_15,1
night,g5_-1,4
night,g5_-10,1
night,g5_-11,1
night,g5_-13,1
night,g5_-14,1
night,g5_-15,1
night,g5_-2,16
night,g5_-21,1
night,g5_-3,6
night,g5_-4,1
night,g5_-5,2
night,g5_-6,1
night,g5_-7,1
night,g5_-8,1
night,g5_0,118
night,g5_1,2
night,g5_10,8
night,g5_11,11
night,g5_12,1
night,g5_16,1
night,g5_2,119
night,g5_23,1
night,g5_3,602
night,g5_4,33
night,g5_5,65
night,g5_6,84
night,g5_7,18
night,g5_8,19
night,g5_9,15
night,g60_14,2
night,g62_111,1
night,g63_67,1
night,g6_-1,5
night,g6_-11,1
night,g6_-15,1
night,g6_-18,1
night,g6_-19,1
night,g6_-2,7
night,g6_-24,3
night,g6_-25,6
night,g6_-29,7
night,g6_-3,4
night,g6_-30,13
night,g6_-4,1
night,g6_-9,1
night,g6_0,14
night,g6_1,77
night,g6_10,7
night,g6_12,6
night,g6_14,4
night,g6_2,54
night,g6_24,1
night,g6_25,2
night,g6_26,3
night,g6_3,43
night,g6_4,95
night,g6_43,1
night,g6_5,145
night,g6_6,17
night,g6_7,4
night,g6_8,29
night,g6_9,18
night,g7_-1,1
night,g7_-10,1
night,g7_-11,1
night,g7_-13,1
night,g7_-19,1
night,g7_-28,1
night,g7_-29,1
night,g7_-3,13
night,g7_-30,1
night,g7_-4,1
night,g7_-40,1
night,g7_-5,5
night,g7_-6,1
night,g7_-7,3
night,g7_-8,1
night,g7_0,101
night,g7_1,8
night,g7_10,9
night,g7_11,13
night,g7_12,4
night,g7_13,6
night,g7_14,1
night,g7_16,1
night,g7_17,2
night,g7_2,15
night,g7_21,2
night,g7_23,1
night,g7_28,1
night,g7_3,15
night,g7_4,677
night,g7_5,71
night,g7_6,29
night,g7_7,33
night,g7_8,3
night,g7_9,9
night,g80_49,1
night,g82_46,1
night,g8_-1,15
night,g8_-10,4
night,g8_-12,1
night,g8_-2,10
night,g8_-21,1
night,g8_-22,2
night,g8_-28,1
night,g8_-29,1
night,g8_-3,8
night,g8_-30,2
night,g8_-4,7
night,g8_-5,2
night,g8_-6,6
night,g8_-7,1
night,g8_-8,1
night,g8_0,16
night,g8_1,36
night,g8_10,12
night,g8_11,22
night,g8_12,11
night,g8_13,2
night,g8_14,1
night,g8_15,1
night,g8_16,6
night,g8_2,38
night,g8_21,1
night,g8_23,1
night,g8_3,569
night,g8_4,131
night,g8_5,58
night,g8_6,19
night,g8_7,11
night,g8_8,19
night,g8_9,18
night,g9_-1,19
night,g9_-10,1
night,g9_-15,1
night,g9_-2,4
night,g9_-3,7
night,g9_-4,5
night,g9_-5,5
night,g9_-6,1
night,g9_-7,4
night,g9_-9,1
night,g9_0,2
night,g9_1,31
night,g9_10,8
night,g9_11,4
night,g9_12,1
night,g9_13,2
night,g9_14,4
night,g9_16,4
night,g9_17,5
night,g9_19,2
night,g9_2,147
night,g9_20,5
night,g9_21,3
night,g9_3,132
night,g9_4,156
night,g9_5,43
night,g9_6,55
night,g9_7,24
night,g9_8,68
night,g9_9,117
