time_slot,start_grid,pickup_count
evening_peak,g-1_10,2
evening_peak,g-1_12,1
evening_peak,g-1_15,1
evening_peak,g-1_18,2
evening_peak,g-1_19,1
evening_peak,g-1_4,59
evening_peak,g-1_5,16
evening_peak,g-1_6,28
evening_peak,g-1_7,27
evening_peak,g-1_8,4
evening_peak,g-1_9,3
evening_peak,g-2_10,2
evening_peak,g-2_13,1
evening_peak,g-2_14,2
evening_peak,g-2_15,1
evening_peak,g-2_22,9
evening_peak,g-2_6,213
evening_peak,g-2_7,29
evening_peak,g-2_8,16
evening_peak,g-2_9,10
evening_peak,g-3_10,3
evening_peak,g-3_11,1
evening_peak,g-3_22,3
evening_peak,g-3_9,2
evening_peak,g-4_-85,1
evening_peak,g-4_10,1
evening_peak,g-4_11,7
evening_peak,g-4_32,1
evening_peak,g-4_36,1
evening_peak,g-5_39,1
evening_peak,g-6_18,1
evening_peak,g-7_20,1
evening_peak,g0_10,3
evening_peak,g0_12,1
evening_peak,g0_2,42
evening_peak,g0_3,136
evening_peak,g0_33,1
evening_peak,g0_4,127
evening_peak,g0_5,8
evening_peak,g0_6,19
evening_peak,g0_7,17
evening_peak,g0_8,5
evening_peak,g0_9,6
evening_peak,g108_4,1
evening_peak,g10_-1,40
evening_peak,g10_-3,4
evening_peak,g10_-4,2
evening_peak,g10_-5,3
evening_peak,g10_-6,1
evening_peak,g10_-7,4
evening_peak,g10_0,106
evening_peak,g10_1,1220
evening_peak,g10_10,2
evening_peak,g10_11,2
evening_peak,g10_19,2
evening_peak,g10_2,963
evening_peak,g10_24,1
evening_peak,g10_28,1
evening_peak,g10_3,161
evening_peak,g10_4,237
evening_peak,g10_5,78
evening_peak,g10_6,81
evening_peak,g10_7,42
evening_peak,g10_8,41
evening_peak,g10_9,19
evening_peak,g11_-1,195
evening_peak,g11_-2,4
evening_peak,g11_-3,2
evening_peak,g11_-4,3
evening_peak,g11_-5,2
evening_peak,g11_-6,1
evening_peak,g11_0,2142
evening_peak,g11_1,889
evening_peak,g11_10,4
evening_peak,g11_11,1
evening_peak,g11_14,1
evening_peak,g11_17,1
evening_peak,g11_19,2
evening_peak,g11_2,208
evening_peak,g11_20,2
evening_peak,g11_28,2
evening_peak,g11_3,344
evening_peak,g11_4,94
evening_peak,g11_5,138
evening_peak,g11_6,208
evening_peak,g11_7,343
evening_peak,g11_8,74
evening_peak,g11_9,51
evening_peak,g12_-1,49
evening_peak,g12_-2,11
evening_peak,g12_-3,29
evening_peak,g12_-4,3
evening_peak,g12_-5,2
evening_peak,g12_-6,3
evening_peak,g12_0,352
evening_peak,g12_1,3864
evening_peak,g12_10,29
evening_peak,g12_12,1
evening_peak,g12_15,2
evening_peak,g12_2,1954
evening_peak,g12_21,2
evening_peak,g12_3,440
evening_peak,g12_4,401
evening_peak,g12_5,122
evening_peak,g12_6,66
evening_peak,g12_7,63
evening_peak,g12_8,104
evening_peak,g12_9,43
evening_peak,g13_-1,8
evening_peak,g13_-11,1
evening_peak,g13_-12,1
evening_peak,g13_-2,1
evening_peak,g13_-3,3
evening_peak,g13_-4,3
evening_peak,g13_-5,1
evening_peak,g13_-6,2
evening_peak,g13_0,35
evening_peak,g13_1,193
evening_peak,g13_10,14
evening_peak,g13_12,1
evening_peak,g13_13,3
evening_peak,g13_2,303
evening_peak,g13_3,106
evening_peak,g13_4,726
evening_peak,g13_5,76
evening_peak,g13_6,78
evening_peak,g13_7,18
evening_peak,g13_8,21
evening_peak,g13_9,1182
evening_peak,g14_-1,1
evening_peak,g14_-2,3
evening_peak,g14_-3,4
evening_peak,g14_-4,1
evening_peak,g14_-5,1
evening_peak,g14_-8,1
evening_peak,g14_-9,1
evening_peak,g14_0,39
evening_peak,g14_1,72
evening_peak,g14_10,17
evening_peak,g14_11,2
evening_peak,g14_12,1
evening_peak,g14_14,2
evening_peak,g14_2,417
evening_peak,g14_3,80
evening_peak,g14_4,151
evening_peak,g14_5,81
evening_peak,g14_6,115
evening_peak,g14_7,56
evening_peak,g14_8,35
evening_peak,g14_9,61
evening_peak,g154_37,1
evening_peak,g158_34,1
evening_peak,g15_-20,1
evening_peak,g15_-3,2
evening_peak,g15_-4,5
evening_peak,g15_-8,3
evening_peak,g15_0,1
evening_peak,g15_1,37
evening_peak,g15_10,2
evening_peak,g15_12,1
evening_peak,g15_2,61
evening_peak,g15_3,57
evening_peak,g15_4,53
evening_peak,g15_5,409
evening_peak,g15_6,234
evening_peak,g15_7,68
evening_peak,g15_8,23
evening_peak,g15_9,22
evening_peak,g16_-4,2
evening_peak,g16_0,2
evening_peak,g16_1,21
evening_peak,g16_10,6
evening_peak,g16_11,2
evening_peak,g16_13,1
evening_peak,g16_17,1
evening_peak,g16_2,2695
evening_peak,g16_3,7
evening_peak,g16_4,30
evening_peak,g16_5,650
evening_peak,g16_6,48
evening_peak,g16_7,53
evening_peak,g16_8,103
evening_peak,g16_9,540
evening_peak,g17_-1,1
evening_peak,g17_-3,2
evening_peak,g17_0,9
evening_peak,g17_1,48
evening_peak,g17_10,6
evening_peak,g17_11,3
evening_peak,g17_12,5
evening_peak,g17_15,2
evening_peak,g17_2,6
evening_peak,g17_3,20
evening_peak,g17_4,261
evening_peak,g17_5,45
evening_peak,g17_6,39
evening_peak,g17_7,6
evening_peak,g17_8,4
evening_peak,g17_9,6
evening_peak,g181_24,2
evening_peak,g181_25,1
evening_peak,g18_-23,1
evening_peak,g18_-5,1
evening_peak,g18_0,419
evening_peak,g18_1,11
evening_peak,g18_11,3
evening_peak,g18_13,3
evening_peak,g18_2,19
evening_peak,g18_3,16
evening_peak,g18_4,70
evening_peak,g18_5,40
evening_peak,g18_6,162
evening_peak,g18_8,8
evening_peak,g18_9,14
evening_peak,g19_-1,1
evening_peak,g19_-35,1
evening_peak,g19_0,9
evening_peak,g19_13,2
evening_peak,g19_14,1
evening_peak,g19_15,1
evening_peak,g19_2,49
evening_peak,g19_3,26
evening_peak,g19_4,21
evening_peak,g19_5,24
evening_peak,g19_6,46
evening_peak,g19_7,11
evening_peak,g19_8,9
evening_peak,g19_9,4
evening_peak,g1_1,2
evening_peak,g1_10,2
evening_peak,g1_2,323
evening_peak,g1_22,1
evening_peak,g1_3,358
evening_peak,g1_4,34
evening_peak,g1_5,56
evening_peak,g1_6,2
evening_peak,g1_7,14
evening_peak,g1_8,2
evening_peak,g1_9,2
evening_peak,g20_-3,1
evening_peak,g20_0,3
evening_peak,g20_10,2
evening_peak,g20_11,3
evening_peak,g20_13,1
evening_peak,g20_14,1
evening_peak,g20_3,7
evening_peak,g20_43,1
evening_peak,g20_6,6
evening_peak,g20_8,2
evening_peak,g20_9,2
evening_peak,g21_-3,1
evening_peak,g21_0,1
evening_peak,g21_1,2
evening_peak,g21_10,2
evening_peak,g21_15,1
evening_peak,g21_16,1
evening_peak,g21_17,3
evening_peak,g21_4,1
evening_peak,g21_6,1
evening_peak,g21_7,1
evening_peak,g21_8,1
evening_peak,g21_9,1
evening_peak,g22_14,3
evening_peak,g22_16,2
evening_peak,g22_17,1
evening_peak,g22_18,1
evening_peak,g22_20,1
evening_peak,g22_22,1
evening_peak,g22_3,1
evening_peak,g22_6,1
evening_peak,g22_7,1
evening_peak,g22_8,1
evening_peak,g23_-32,1
evening_peak,g23_11,1
evening_peak,g23_13,1
evening_peak,g23_16,1
evening_peak,g23_17,1
evening_peak,g23_18,1
evening_peak,g23_19,1
evening_peak,g24_-2,1
evening_peak,g24_5,2
evening_peak,g24_8,1
evening_peak,g24_9,3
evening_peak,g25_-1,1
evening_peak,g25_-8,1
evening_peak,g25_0,9
evening_peak,g25_14,1
evening_peak,g25_5,1
evening_peak,g26_-10,1
evening_peak,g26_-3,1
evening_peak,g26_11,1
evening_peak,g26_12,1
evening_peak,g26_6,1
evening_peak,g26_9,1
evening_peak,g27_-1,1
evening_peak,g27_-10,1
evening_peak,g27_4,1
evening_peak,g28_13,1
evening_peak,g29_12,1
evening_peak,g29_13,2
evening_peak,g29_14,1
evening_peak,g2_-3,1
evening_peak,g2_-4,1
evening_peak,g2_1,19
evening_peak,g2_10,2
evening_peak,g2_11,1
evening_peak,g2_12,1
evening_peak,g2_19,1
evening_peak,g2_2,99
evening_peak,g2_20,2
evening_peak,g2_21,35
evening_peak,g2_22,6
evening_peak,g2_23,1
evening_peak,g2_3,105
evening_peak,g2_4,52
evening_peak,g2_5,80
evening_peak,g2_6,20
evening_peak,g2_7,112
evening_peak,g2_8,76
evening_peak,g2_9,7
evening_peak,g30_1,1
evening_peak,g30_11,1
evening_peak,g30_13,1
evening_peak,g31_10,1
evening_peak,g35_38,1
evening_peak,g36_5,1
evening_peak,g3_-2,1
evening_peak,g3_1,16
evening_peak,g3_10,6
evening_peak,g3_11,12
evening_peak,g3_12,1
evening_peak,g3_13,1
evening_peak,g3_18,1
evening_peak,g3_19,1
evening_peak,g3_2,71
evening_peak,g3_20,1
evening_peak,g3_22,1
evening_peak,g3_3,99
evening_peak,g3_4,96
evening_peak,g3_5,127
evening_peak,g3_6,48
evening_peak,g3_7,45
evening_peak,g3_8,122
evening_peak,g3_9,13
evening_peak,g40_86,1
evening_peak,g46_-67,1
evening_peak,g4_-1,1
evening_peak,g4_-10,1
evening_peak,g4_-15,1
evening_peak,g4_-3,1
evening_peak,g4_-4,1
evening_peak,g4_1,3
evening_peak,g4_10,8
evening_peak,g4_11,1
evening_peak,g4_13,1
evening_peak,g4_2,106
evening_peak,g4_3,134
evening_peak,g4_4,66
evening_peak,g4_5,256
evening_peak,g4_6,66
evening_peak,g4_7,228
evening_peak,g4_8,83
evening_peak,g4_9,33
evening_peak,g57_33,1
evening_peak,g59_14,1
evening_peak,g5_-2,1
evening_peak,g5_-6,1
evening_peak,g5_0,7
evening_peak,g5_1,4
evening_peak,g5_10,2
evening_peak,g5_11,1
evening_peak,g5_2,198
evening_peak,g5_22,1
evening_peak,g5_3,1084
evening_peak,g5_4,93
evening_peak,g5_5,135
evening_peak,g5_6,430
evening_peak,g5_7,48
evening_peak,g5_8,46
evening_peak,g5_9,47
evening_peak,g6_-1,2
evening_peak,g6_-2,1
evening_peak,g6_-24,1
evening_peak,g6_-29,1
evening_peak,g6_-3,1
evening_peak,g6_-4,3
evening_peak,g6_0,3
evening_peak,g6_1,4
evening_peak,g6_10,9
evening_peak,g6_14,2
evening_peak,g6_2,68
evening_peak,g6_3,75
evening_peak,g6_4,207
evening_peak,g6_5,235
evening_peak,g6_6,46
evening_peak,g6_7,19
evening_peak,g6_8,64
evening_peak,g6_9,17
evening_peak,g7_-1,2
evening_peak,g7_-2,4
evening_peak,g7_-29,1
evening_peak,g7_-3,3
evening_peak,g7_-30,1
evening_peak,g7_-37,1
evening_peak,g7_0,21
evening_peak,g7_1,20
evening_peak,g7_10,3
evening_peak,g7_11,2
evening_peak,g7_12,2
evening_peak,g7_15,2
evening_peak,g7_2,46
evening_peak,g7_3,67
evening_peak,g7_4,1229
evening_peak,g7_5,64
evening_peak,g7_6,59
evening_peak,g7_7,46
evening_peak,g7_8,1
evening_peak,g7_9,13
evening_peak,g85_-31,1
evening_peak,g85_122,1
evening_peak,g86_-40,1
evening_peak,g8_-10,1
evening_peak,g8_-12,1
evening_peak,g8_-19,1
evening_peak,g8_-29,1
evening_peak,g8_-3,1
evening_peak,g8_-30,1
evening_peak,g8_-5,1
evening_peak,g8_-6,1
evening_peak,g8_-7,1
evening_peak,g8_0,2
evening_peak,g8_1,81
evening_peak,g8_10,2
evening_peak,g8_11,5
evening_peak,g8_12,1
evening_peak,g8_19,1
evening_peak,g8_2,53
evening_peak,g8_20,4
evening_peak,g8_3,983
evening_peak,g8_4,436
evening_peak,g8_5,244
evening_peak,g8_6,34
evening_peak,g8_7,24
evening_peak,g8_8,29
evening_peak,g8_9,35
evening_peak,g9_-1,4
evening_peak,g9_-12,1
evening_peak,g9_-13,1
evening_peak,g9_-15,2
evening_peak,g9_-2,2
evening_peak,g9_-3,1
evening_peak,g9_-4,1
evening_peak,g9_-5,1
evening_peak,g9_-7,1
evening_peak,g9_-8,1
evening_peak,g9_1,42
evening_peak,g9_10,4
evening_peak,g9_11,4
evening_peak,g9_12,1
evening_peak,g9_13,1
evening_peak,g9_14,1
evening_peak,g9_15,1
evening_peak,g9_2,484
evening_peak,g9_20,1
evening_peak,g9_21,4
evening_peak,g9_23,1
evening_peak,g9_3,191
evening_peak,g9_4,1810
evening_peak,g9_5,88
evening_peak,g9_6,380
evening_peak,g9_7,53
evening_peak,g9_8,197
evening_peak,g9_9,96
late_night,g-10_74,1
late_night,g-12_45,2
late_night,g-14_53,1
late_night,g-18_84,1
late_night,g-1_11,1
late_night,g-1_15,1
late_night,g-1_4,95
late_night,g-1_5,23
late_night,g-1_6,11
late_night,g-1_7,31
late_night,g-1_8,9
late_night,g-1_9,3
late_night,g-2_10,8
late_night,g-2_12,1
late_night,g-2_15,1
late_night,g-2_6,49
late_night,g-2_7,41
late_night,g-2_8,13
late_night,g-2_9,12
late_night,g-3_10,8
late_night,g-3_11,1
late_night,g-3_12,1
late_night,g-3_13,2
late_night,g-3_14,1
late_night,g-4_11,5
late_night,g-5_12,1
late_night,g-5_13,10
late_night,g-5_14,6
late_night,g-6_14,26
late_night,g-6_15,30
late_night,g0_10,1
late_night,g0_11,1
late_night,g0_12,2
late_night,g0_13,1
late_night,g0_17,1
late_night,g0_2,9
late_night,g0_3,186
late_night,g0_4,68
late_night,g0_5,1
late_night,g0_6,4
late_night,g0_7,11
late_night,g0_8,22
late_night,g0_9,3
late_night,g10_-1,22
late_night,g10_-3,4
late_night,g10_-4,2
late_night,g10_-5,2
late_night,g10_0,60
late_night,g10_1,833
late_night,g10_10,1
late_night,g10_11,1
late_night,g10_13,2
late_night,g10_14,1
late_night,g10_19,2
late_night,g10_2,434
late_night,g10_20,1
late_night,g10_3,143
late_night,g10_4,101
late_night,g10_5,60
late_night,g10_6,31
late_night,g10_7,20
late_night,g10_8,22
late_night,g10_9,10
late_night,g11_-1,63
late_night,g11_-2,1
late_night,g11_-3,4
late_night,g11_-4,4
late_night,g11_-5,1
late_night,g11_0,1836
late_night,g11_1,5370
late_night,g11_10,14
late_night,g11_11,3
late_night,g11_12,7
late_night,g11_13,5
late_night,g11_14,3
late_night,g11_15,1
late_night,g11_2,1505
late_night,g11_3,470
late_night,g11_4,41
late_night,g11_5,91
late_night,g11_6,43
late_night,g11_7,156
late_night,g11_8,53
late_night,g11_9,56
late_night,g12_-1,16
late_night,g12_-2,21
late_night,g12_-3,9
late_night,g12_-4,7
late_night,g12_-5,4
late_night,g12_-6,10
late_night,g12_0,475
late_night,g12_1,2237
late_night,g12_10,9
late_night,g12_12,5
late_night,g12_13,1
late_night,g12_16,1
late_night,g12_2,1408
late_night,g12_22,1
late_night,g12_26,1
late_night,g12_3,374
late_night,g12_4,84
late_night,g12_5,142
late_night,g12_6,28
late_night,g12_7,47
late_night,g12_8,42
late_night,g12_9,10
late_night,g13_-1,15
late_night,g13_-2,6
late_night,g13_-4,7
late_night,g13_-5,2
late_night,g13_-6,1
late_night,g13_-7,1
late_night,g13_-8,1
late_night,g13_0,26
late_night,g13_1,179
late_night,g13_10,7
late_night,g13_12,1
late_night,g13_13,2
late_night,g13_2,184
late_night,g13_3,502
late_night,g13_4,700
late_night,g13_5,153
late_night,g13_6,25
late_night,g13_7,19
late_night,g13_8,6
late_night,g13_9,720
late_night,g14_-1,2
late_night,g14_-17,1
late_night,g14_-2,5
late_night,g14_-3,4
late_night,g14_-4,2
late_night,g14_-7,1
late_night,g14_0,32
late_night,g14_1,83
late_night,g14_10,20
late_night,g14_11,1
late_night,g14_12,1
late_night,g14_13,1
late_night,g14_2,225
late_night,g14_21,1
late_night,g14_3,59
late_night,g14_4,49
late_night,g14_5,75
late_night,g14_6,41
late_night,g14_7,8
late_night,g14_8,9
late_night,g14_9,58
late_night,g15_-1,2
late_night,g15_-2,2
late_night,g15_-3,2
late_night,g15_-4,1
late_night,g15_-6,1
late_night,g15_-8,6
late_night,g15_0,3
late_night,g15_1,24
late_night,g15_10,1
late_night,g15_11,2
late_night,g15_12,2
late_night,g15_14,1
late_night,g15_2,28
late_night,g15_3,23
late_night,g15_4,41
late_night,g15_5,332
late_night,g15_6,119
late_night,g15_7,96
late_night,g15_8,31
late_night,g15_9,29
late_night,g16_-2,4
late_night,g16_-7,1
late_night,g16_0,1
late_night,g16_1,26
late_night,g16_10,6
late_night,g16_14,2
late_night,g16_2,641
late_night,g16_3,9
late_night,g16_4,21
late_night,g16_5,117
late_night,g16_6,64
late_night,g16_7,39
late_night,g16_8,86
late_night,g16_9,245
late_night,g17_-1,6
late_night,g17_-4,1
late_night,g17_-7,1
late_night,g17_1,34
late_night,g17_10,8
late_night,g17_11,9
late_night,g17_12,6
late_night,g17_13,1
late_night,g17_15,2
late_night,g17_16,1
late_night,g17_3,13
late_night,g17_4,79
late_night,g17_5,16
late_night,g17_6,13
late_night,g17_7,2
late_night,g17_8,8
late_night,g18_-5,2
late_night,g18_0,47
late_night,g18_1,10
late_night,g18_13,3
late_night,g18_14,3
late_night,g18_15,1
late_night,g18_16,1
late_night,g18_2,15
late_night,g18_3,3
late_night,g18_4,28
late_night,g18_5,50
late_night,g18_6,33
late_night,g18_7,35
late_night,g18_8,6
late_night,g18_9,14
late_night,g19_-2,1
late_night,g19_0,4
late_night,g19_1,5
late_night,g19_14,1
late_night,g19_15,4
late_night,g19_2,15
late_night,g19_3,13
late_night,g19_4,11
late_night,g19_5,9
late_night,g19_6,13
late_night,g19_7,9
late_night,g19_8,7
late_night,g19_9,1
late_night,g1_1,2
late_night,g1_11,1
late_night,g1_19,1
late_night,g1_2,195
late_night,g1_22,1
late_night,g1_3,237
late_night,g1_4,32
late_night,g1_5,30
late_night,g1_7,8
late_night,g1_8,1
late_night,g1_9,22
late_night,g20_-1,2
late_night,g20_-2,4
late_night,g20_0,1
late_night,g20_10,1
late_night,g20_12,1
late_night,g20_13,3
late_night,g20_14,5
late_night,g20_16,2
late_night,g20_3,3
late_night,g20_4,1
late_night,g20_6,3
late_night,g20_7,1
late_night,g20_8,3
late_night,g21_-10,1
late_night,g21_-3,1
late_night,g21_0,2
late_night,g21_10,1
late_night,g21_3,1
late_night,g21_4,1
late_night,g21_6,1
late_night,g21_7,2
late_night,g22_1,2
late_night,g22_14,2
late_night,g22_15,1
late_night,g22_4,1
late_night,g22_6,4
late_night,g22_7,1
late_night,g23_-21,1
late_night,g23_0,1
late_night,g23_1,1
late_night,g23_7,1
late_night,g23_8,2
late_night,g24_5,1
late_night,g24_9,1
late_night,g25_-1,4
late_night,g25_-7,1
late_night,g25_7,1
late_night,g27_-7,1
late_night,g27_4,1
late_night,g27_6,1
late_night,g28_-3,1
late_night,g29_11,1
late_night,g2_-2,2
late_night,g2_-3,1
late_night,g2_1,24
late_night,g2_10,2
late_night,g2_11,3
late_night,g2_13,1
late_night,g2_19,2
late_night,g2_2,41
late_night,g2_20,2
late_night,g2_21,24
late_night,g2_22,4
late_night,g2_3,70
late_night,g2_4,33
late_night,g2_5,55
late_night,g2_6,16
late_night,g2_7,33
late_night,g2_8,12
late_night,g30_13,1
late_night,g31_11,1
late_night,g36_9,1
late_night,g3_-1,6
late_night,g3_-4,1
late_night,g3_-6,1
late_night,g3_1,5
late_night,g3_10,1
late_night,g3_11,1
late_night,g3_2,47
late_night,g3_3,77
late_night,g3_4,16
late_night,g3_5,21
late_night,g3_6,34
late_night,g3_7,32
late_night,g3_8,23
late_night,g3_9,9
late_night,g41_-3,1
late_night,g48_92,1
late_night,g4_-1,11
late_night,g4_-14,1
late_night,g4_-18,1
late_night,g4_0,1
late_night,g4_1,3
late_night,g4_10,8
late_night,g4_11,2
late_night,g4_2,68
late_night,g4_22,1
late_night,g4_25,1
late_night,g4_3,95
late_night,g4_4,40
late_night,g4_5,145
late_night,g4_6,18
late_night,g4_7,65
late_night,g4_8,43
late_night,g4_9,20
late_night,g55_11,1
late_night,g57_13,2
late_night,g5_-1,9
late_night,g5_-2,10
late_night,g5_-3,1
late_night,g5_0,40
late_night,g5_1,4
late_night,g5_11,3
late_night,g5_15,2
late_night,g5_2,119
late_night,g5_22,2
late_night,g5_23,1
late_night,g5_24,1
late_night,g5_3,449
late_night,g5_4,33
late_night,g5_5,70
late_night,g5_6,138
late_night,g5_7,23
late_night,g5_8,198
late_night,g5_9,8
late_night,g6_-1,1
late_night,g6_-10,1
late_night,g6_-17,1
late_night,g6_-2,1
late_night,g6_-23,1
late_night,g6_-25,2
late_night,g6_-29,5
late_night,g6_-3,2
late_night,g6_-30,3
late_night,g6_0,7
late_night,g6_1,9
late_night,g6_10,6
late_night,g6_12,1
late_night,g6_14,2
late_night,g6_2,88
late_night,g6_26,1
late_night,g6_3,42
late_night,g6_4,56
late_night,g6_5,63
late_night,g6_6,18
late_night,g6_7,20
late_night,g6_8,32
late_night,g6_9,16
late_night,g72_17,1
late_night,g7_-11,1
late_night,g7_-13,1
late_night,g7_-2,1
late_night,g7_-3,4
late_night,g7_-4,2
late_night,g7_0,9
late_night,g7_1,14
late_night,g7_10,4
late_night,g7_11,3
late_night,g7_12,1
late_night,g7_16,1
late_night,g7_2,100
late_night,g7_21,1
late_night,g7_3,25
late_night,g7_4,400
late_night,g7_5,45
late_night,g7_6,57
late_night,g7_7,48
late_night,g7_8,5
late_night,g7_9,4
late_night,g8_-1,2
late_night,g8_-12,1
late_night,g8_-3,4
late_night,g8_-4,1
late_night,g8_-6,2
late_night,g8_-8,1
late_night,g8_-9,1
late_night,g8_0,3
late_night,g8_1,224
late_night,g8_10,2
late_night,g8_11,8
late_night,g8_2,26
late_night,g8_3,441
late_night,g8_4,176
late_night,g8_5,78
late_night,g8_6,24
late_night,g8_7,16
late_night,g8_8,17
late_night,g8_9,18
late_night,g9_-1,6
late_night,g9_-15,1
late_night,g9_-2,1
late_night,g9_-3,3
late_night,g9_0,1
late_night,g9_1,28
late_night,g9_10,2
late_night,g9_11,1
late_night,g9_13,1
late_night,g9_15,2
late_night,g9_19,1
late_night,g9_2,215
late_night,g9_20,2
late_night,g9_3,57
late_night,g9_4,803
late_night,g9_5,65
late_night,g9_6,143
late_night,g9_7,18
late_night,g9_8,83
late_night,g9_9,32
midday,g-10_46,1
midday,g-10_57,1
midday,g-11_47,1
midday,g-11_48,1
midday,g-18_121,1
midday,g-18_84,1
midday,g-1_11,1
midday,g-1_15,4
midday,g-1_18,1
midday,g-1_4,34
midday,g-1_5,43
midday,g-1_6,17
midday,g-1_7,31
midday,g-1_8,3
midday,g-1_9,1
midday,g-2_10,4
midday,g-2_11,1
midday,g-2_12,1
midday,g-2_13,1
midday,g-2_16,1
midday,g-2_17,3
midday,g-2_18,2
midday,g-2_22,1
midday,g-2_26,1
midday,g-2_6,128
midday,g-2_7,38
midday,g-2_8,14
midday,g-2_9,8
midday,g-3_10,2
midday,g-3_11,3
midday,g-3_15,1
midday,g-3_17,1
midday,g-3_32,1
midday,g-3_9,2
midday,g-4_10,1
midday,g-4_11,2
midday,g-4_12,1
midday,g-4_22,1
midday,g-4_26,1
midday,g-4_35,1
midday,g-7_42,1
midday,g0_10,1
midday,g0_11,1
midday,g0_18,1
midday,g0_2,47
midday,g0_3,156
midday,g0_4,129
midday,g0_5,11
midday,g0_6,9
midday,g0_7,9
midday,g0_8,2
midday,g0_9,1
midday,g10_-1,27
midday,g10_-10,1
midday,g10_-2,3
midday,g10_-3,4
midday,g10_-4,2
midday,g10_-5,2
midday,g10_-7,1
midday,g10_0,80
midday,g10_1,1412
midday,g10_10,2
midday,g10_11,1
midday,g10_12,1
midday,g10_14,1
midday,g10_19,2
midday,g10_2,1393
midday,g10_20,1
midday,g10_21,1
midday,g10_23,1
midday,g10_27,1
midday,g10_3,242
midday,g10_4,351
midday,g10_5,179
midday,g10_6,111
midday,g10_7,68
midday,g10_8,32
midday,g10_9,26
midday,g115_25,1
midday,g11_-1,128
midday,g11_-2,5
midday,g11_-3,3
midday,g11_-4,8
midday,g11_-5,1
midday,g11_0,1508
midday,g11_1,711
midday,g11_10,9
midday,g11_11,1
midday,g11_12,1
midday,g11_17,1
midday,g11_18,1
midday,g11_19,2
midday,g11_2,318
midday,g11_20,4
midday,g11_3,436
midday,g11_4,102
midday,g11_5,176
midday,g11_6,296
midday,g11_7,371
midday,g11_8,103
midday,g11_9,80
midday,g12_-1,32
midday,g12_-2,10
midday,g12_-3,17
midday,g12_-4,11
midday,g12_-5,4
midday,g12_-6,2
midday,g12_0,233
midday,g12_1,4288
midday,g12_10,14
midday,g12_11,3
midday,g12_12,5
midday,g12_13,3
midday,g12_17,1
midday,g12_2,1845
midday,g12_23,1
midday,g12_3,448
midday,g12_4,524
midday,g12_5,155
midday,g12_6,117
midday,g12_7,102
midday,g12_8,211
midday,g12_9,36
midday,g138_-137,1
midday,g13_-1,9
midday,g13_-13,1
midday,g13_-14,1
midday,g13_-15,1
midday,g13_-2,2
midday,g13_-3,1
midday,g13_-4,5
midday,g13_-6,1
midday,g13_-8,1
midday,g13_0,50
midday,g13_1,190
midday,g13_10,14
midday,g13_12,3
midday,g13_14,2
midday,g13_17,2
midday,g13_2,408
midday,g13_3,162
midday,g13_4,775
midday,g13_5,96
midday,g13_6,118
midday,g13_7,39
midday,g13_8,28
midday,g13_9,1718
midday,g147_4,1
midday,g14_-1,3
midday,g14_-10,1
midday,g14_-16,1
midday,g14_-2,5
midday,g14_-25,1
midday,g14_-3,3
midday,g14_-4,2
midday,g14_-6,1
midday,g14_-7,1
midday,g14_0,51
midday,g14_1,108
midday,g14_10,23
midday,g14_11,3
midday,g14_12,1
midday,g14_13,1
midday,g14_15,1
midday,g14_16,1
midday,g14_2,526
midday,g14_3,167
midday,g14_4,133
midday,g14_5,117
midday,g14_6,111
midday,g14_7,71
midday,g14_8,50
midday,g14_9,55
midday,g157_35,1
midday,g15_-3,2
midday,g15_-4,5
midday,g15_-8,1
midday,g15_0,3
midday,g15_1,79
midday,g15_10,2
midday,g15_11,3
midday,g15_12,1
midday,g15_13,2
midday,g15_19,1
midday,g15_2,92
midday,g15_3,106
midday,g15_4,88
midday,g15_5,534
midday,g15_6,303
midday,g15_7,88
midday,g15_8,44
midday,g15_9,48
midday,g16_-10,1
midday,g16_-6,1
midday,g16_-7,1
midday,g16_0,2
midday,g16_1,49
midday,g16_10,9
midday,g16_11,2
midday,g16_13,1
midday,g16_2,3071
midday,g16_20,1
midday,g16_3,9
midday,g16_4,34
midday,g16_5,577
midday,g16_6,72
midday,g16_7,92
midday,g16_8,90
midday,g16_9,648
midday,g17_-1,1
midday,g17_0,8
midday,g17_1,55
midday,g17_10,12
midday,g17_11,12
midday,g17_12,9
midday,g17_13,4
midday,g17_19,1
midday,g17_2,14
midday,g17_3,41
midday,g17_4,325
midday,g17_5,45
midday,g17_6,33
midday,g17_7,12
midday,g17_8,23
midday,g17_9,13
midday,g181_24,3
midday,g18_-1,1
midday,g18_-17,1
midday,g18_-4,1
midday,g18_-6,1
midday,g18_0,323
midday,g18_1,11
midday,g18_12,1
midday,g18_14,3
midday,g18_2,12
midday,g18_3,28
midday,g18_4,94
midday,g18_5,88
midday,g18_6,241
midday,g18_8,26
midday,g18_9,20
midday,g19_-2,1
midday,g19_-35,1
midday,g19_0,2
midday,g19_1,6
midday,g19_14,1
midday,g19_15,4
midday,g19_2,51
midday,g19_3,60
midday,g19_4,41
midday,g19_5,22
midday,g19_6,49
midday,g19_7,16
midday,g19_8,6
midday,g19_9,3
midday,g1_1,2
midday,g1_11,3
midday,g1_17,1
midday,g1_2,275
midday,g1_20,1
midday,g1_22,2
midday,g1_3,393
midday,g1_4,19
midday,g1_5,31
midday,g1_6,2
midday,g1_7,23
midday,g1_8,1
midday,g1_9,3
midday,g20_-2,1
midday,g20_-35,1
midday,g20_-6,1
midday,g20_1,2
midday,g20_10,1
midday,g20_13,1
midday,g20_14,1
midday,g20_16,4
midday,g20_17,2
midday,g20_3,17
midday,g20_4,4
midday,g20_6,9
midday,g20_7,2
midday,g20_9,3
midday,g21_-7,1
midday,g21_0,1
midday,g21_10,2
midday,g21_14,3
midday,g21_15,2
midday,g21_16,9
midday,g21_17,2
midday,g21_24,1
midday,g21_3,2
midday,g21_4,1
midday,g21_6,3
midday,g21_7,5
midday,g21_9,2
midday,g22_-2,2
midday,g22_-47,1
midday,g22_0,2
midday,g22_1,1
midday,g22_14,5
midday,g22_16,1
midday,g22_2,3
midday,g22_3,1
midday,g22_6,2
midday,g22_7,1
midday,g23_-4,1
midday,g23_10,2
midday,g23_17,1
midday,g23_18,1
midday,g23_19,1
midday,g23_22,1
midday,g23_8,2
midday,g23_9,1
midday,g24_-1,1
midday,g24_10,2
midday,g24_18,1
midday,g24_62,1
midday,g24_64,1
midday,g24_7,3
midday,g24_8,1
midday,g24_9,2
midday,g25_-1,3
midday,g25_-7,1
midday,g25_0,4
midday,g25_10,1
midday,g25_3,1
midday,g25_4,1
midday,g26_-2,1
midday,g26_11,1
midday,g26_4,2
midday,g26_7,1
midday,g27_-2,1
midday,g27_10,1
midday,g27_12,1
midday,g27_62,1
midday,g28_1,1
midday,g28_11,1
midday,g28_15,1
midday,g28_47,1
midday,g29_12,1
midday,g29_13,3
midday,g29_14,6
midday,g2_-2,1
midday,g2_1,12
midday,g2_10,4
midday,g2_11,3
midday,g2_12,1
midday,g2_18,1
midday,g2_19,4
midday,g2_2,96
midday,g2_20,2
midday,g2_21,68
midday,g2_22,16
midday,g2_23,1
midday,g2_28,1
midday,g2_3,155
midday,g2_4,117
midday,g2_5,91
midday,g2_6,30
midday,g2_7,159
midday,g2_8,77
midday,g2_9,6
midday,g30_0,2
midday,g30_13,1
midday,g31_-55,1
midday,g31_12,2
midday,g37_10,1
midday,g3_-8,1
midday,g3_1,13
midday,g3_10,7
midday,g3_11,1
midday,g3_15,1
midday,g3_2,85
midday,g3_23,1
midday,g3_24,1
midday,g3_25,1
midday,g3_3,104
midday,g3_4,106
midday,g3_5,138
midday,g3_6,62
midday,g3_7,86
midday,g3_8,169
midday,g3_9,12
midday,g40_24,1
midday,g46_-15,1
midday,g4_-1,1
midday,g4_-15,1
midday,g4_-17,1
midday,g4_-5,1
midday,g4_-7,1
midday,g4_1,4
midday,g4_10,17
midday,g4_11,1
midday,g4_12,2
midday,g4_17,1
midday,g4_2,86
midday,g4_22,1
midday,g4_25,1
midday,g4_3,124
midday,g4_4,94
midday,g4_5,262
midday,g4_6,92
midday,g4_7,253
midday,g4_8,53
midday,g4_9,42
midday,g50_92,1
midday,g59_15,1
midday,g5_-12,1
midday,g5_-88,1
midday,g5_-89,1
midday,g5_0,6
midday,g5_1,4
midday,g5_10,1
midday,g5_11,1
midday,g5_14,1
midday,g5_15,2
midday,g5_16,1
midday,g5_2,247
midday,g5_23,1
midday,g5_3,1018
midday,g5_4,110
midday,g5_5,213
midday,g5_6,570
midday,g5_7,44
midday,g5_8,49
midday,g5_9,61
midday,g65_-6,1
midday,g65_68,1
midday,g6_-1,2
midday,g6_-12,1
midday,g6_-15,2
midday,g6_-17,1
midday,g6_-25,1
midday,g6_-3,1
midday,g6_-30,1
midday,g6_-4,1
midday,g6_-81,1
midday,g6_0,4
midday,g6_1,10
midday,g6_10,9
midday,g6_11,1
midday,g6_12,1
midday,g6_14,3
midday,g6_16,1
midday,g6_17,1
midday,g6_2,79
midday,g6_21,2
midday,g6_3,83
midday,g6_4,257
midday,g6_5,124
midday,g6_6,33
midday,g6_7,21
midday,g6_8,89
midday,g6_9,28
midday,g71_18,2
midday,g73_7,1
midday,g77_4,1
midday,g7_-1,1
midday,g7_-10,1
midday,g7_-3,2
midday,g7_-4,1
midday,g7_0,14
midday,g7_1,16
midday,g7_11,1
midday,g7_12,2
midday,g7_14,1
midday,g7_15,10
midday,g7_16,2
midday,g7_17,1
midday,g7_18,1
midday,g7_19,1
midday,g7_2,65
midday,g7_20,1
midday,g7_21,1
midday,g7_3,73
midday,g7_4,1082
midday,g7_5,98
midday,g7_6,57
midday,g7_7,100
midday,g7_8,10
midday,g7_9,6
midday,g85_121,1
midday,g8_-1,2
midday,g8_-10,1
midday,g8_-12,2
midday,g8_-2,4
midday,g8_-3,4
midday,g8_-4,2
midday,g8_-5,1
midday,g8_-9,1
midday,g8_0,2
midday,g8_1,61
midday,g8_10,12
midday,g8_11,11
midday,g8_12,1
midday,g8_13,1
midday,g8_14,1
midday,g8_15,3
midday,g8_16,1
midday,g8_19,1
midday,g8_2,49
midday,g8_22,1
midday,g8_3,945
midday,g8_4,483
midday,g8_5,327
midday,g8_6,81
midday,g8_7,29
midday,g8_8,42
midday,g8_9,42
midday,g9_-1,4
midday,g9_-3,1
midday,g9_-4,1
midday,g9_-5,1
midday,g9_-6,1
midday,g9_-7,2
midday,g9_-9,1
midday,g9_0,3
midday,g9_1,50
midday,g9_10,6
midday,g9_11,5
midday,g9_12,2
midday,g9_14,1
midday,g9_15,4
midday,g9_16,1
midday,g9_18,1
midday,g9_19,2
midday,g9_2,569
midday,g9_20,1
midday,g9_21,1
midday,g9_3,176
midday,g9_4,2141
midday,g9_5,124
midday,g9_6,584
midday,g9_7,61
midday,g9_8,328
midday,g9_9,58
morning_peak,g-11_47,1
morning_peak,g-12_45,1
morning_peak,g-1_11,2
morning_peak,g-1_13,1
morning_peak,g-1_14,1
morning_peak,g-1_15,1
morning_peak,g-1_20,1
morning_peak,g-1_4,46
morning_peak,g-1_5,25
morning_peak,g-1_6,24
morning_peak,g-1_7,21
morning_peak,g-1_8,12
morning_peak,g-1_9,6
morning_peak,g-2_10,1
morning_peak,g-2_12,1
morning_peak,g-2_14,1
morning_peak,g-2_17,1
morning_peak,g-2_20,2
morning_peak,g-2_6,25
morning_peak,g-2_7,15
morning_peak,g-2_8,4
morning_peak,g-2_9,5
morning_peak,g-3_10,2
morning_peak,g-3_12,4
morning_peak,g-3_14,1
morning_peak,g-3_18,2
morning_peak,g-3_9,19
morning_peak,g-4_10,1
morning_peak,g-4_11,4
morning_peak,g-4_13,1
morning_peak,g-5_12,4
morning_peak,g-5_13,13
morning_peak,g-5_14,3
morning_peak,g-6_14,20
morning_peak,g-6_15,29
morning_peak,g-6_17,2
morning_peak,g-8_28,1
morning_peak,g0_11,1
morning_peak,g0_16,1
morning_peak,g0_18,1
morning_peak,g0_2,16
morning_peak,g0_3,111
morning_peak,g0_4,142
morning_peak,g0_5,9
morning_peak,g0_7,8
morning_peak,g0_8,3
morning_peak,g0_9,1
morning_peak,g10_-1,8
morning_peak,g10_-2,1
morning_peak,g10_-24,1
morning_peak,g10_-3,6
morning_peak,g10_-5,2
morning_peak,g10_0,82
morning_peak,g10_1,784
morning_peak,g10_10,8
morning_peak,g10_11,1
morning_peak,g10_13,1
morning_peak,g10_15,1
morning_peak,g10_2,747
morning_peak,g10_21,1
morning_peak,g10_3,144
morning_peak,g10_4,345
morning_peak,g10_5,127
morning_peak,g10_6,135
morning_peak,g10_7,78
morning_peak,g10_8,42
morning_peak,g10_9,20
morning_peak,g11_-1,16
morning_peak,g11_-2,3
morning_peak,g11_-3,2
morning_peak,g11_-4,2
morning_peak,g11_-6,1
morning_peak,g11_0,822
morning_peak,g11_1,1308
morning_peak,g11_10,10
morning_peak,g11_11,3
morning_peak,g11_12,1
morning_peak,g11_13,1
morning_peak,g11_14,1
morning_peak,g11_2,361
morning_peak,g11_20,4
morning_peak,g11_3,369
morning_peak,g11_4,86
morning_peak,g11_5,159
morning_peak,g11_6,413
morning_peak,g11_7,339
morning_peak,g11_8,108
morning_peak,g11_9,68
morning_peak,g12_-1,8
morning_peak,g12_-2,4
morning_peak,g12_-3,6
morning_peak,g12_-4,2
morning_peak,g12_-6,1
morning_peak,g12_0,73
morning_peak,g12_1,3931
morning_peak,g12_10,29
morning_peak,g12_11,7
morning_peak,g12_12,2
morning_peak,g12_13,9
morning_peak,g12_17,2
morning_peak,g12_19,1
morning_peak,g12_2,1010
morning_peak,g12_20,3
morning_peak,g12_22,2
morning_peak,g12_3,312
morning_peak,g12_4,385
morning_peak,g12_5,126
morning_peak,g12_6,81
morning_peak,g12_7,67
morning_peak,g12_8,227
morning_peak,g12_9,24
morning_peak,g13_-1,12
morning_peak,g13_-13,3
morning_peak,g13_-2,2
morning_peak,g13_-3,3
morning_peak,g13_-4,8
morning_peak,g13_-6,1
morning_peak,g13_-8,1
morning_peak,g13_0,28
morning_peak,g13_1,155
morning_peak,g13_10,20
morning_peak,g13_11,1
morning_peak,g13_2,314
morning_peak,g13_21,1
morning_peak,g13_3,421
morning_peak,g13_4,686
morning_peak,g13_5,83
morning_peak,g13_6,96
morning_peak,g13_7,32
morning_peak,g13_8,7
morning_peak,g13_9,1054
morning_peak,g14_-1,11
morning_peak,g14_-11,1
morning_peak,g14_-2,6
morning_peak,g14_-3,5
morning_peak,g14_-4,6
morning_peak,g14_-6,2
morning_peak,g14_0,91
morning_peak,g14_1,141
morning_peak,g14_10,30
morning_peak,g14_11,4
morning_peak,g14_14,1
morning_peak,g14_2,460
morning_peak,g14_23,3
morning_peak,g14_3,168
morning_peak,g14_4,178
morning_peak,g14_5,123
morning_peak,g14_6,96
morning_peak,g14_7,53
morning_peak,g14_8,10
morning_peak,g14_9,64
morning_peak,g15_-2,2
morning_peak,g15_-3,5
morning_peak,g15_-4,3
morning_peak,g15_-6,1
morning_peak,g15_-8,1
morning_peak,g15_0,2
morning_peak,g15_1,40
morning_peak,g15_10,5
morning_peak,g15_11,4
morning_peak,g15_12,4
morning_peak,g15_15,1
morning_peak,g15_16,1
morning_peak,g15_2,43
morning_peak,g15_3,97
morning_peak,g15_4,73
morning_peak,g15_5,446
morning_peak,g15_6,349
morning_peak,g15_7,179
morning_peak,g15_8,39
morning_peak,g15_9,32
morning_peak,g16_-11,1
morning_peak,g16_-2,3
morning_peak,g16_-4,1
morning_peak,g16_0,3
morning_peak,g16_1,25
morning_peak,g16_10,5
morning_peak,g16_11,1
morning_peak,g16_12,2
morning_peak,g16_2,1997
morning_peak,g16_3,6
morning_peak,g16_4,14
morning_peak,g16_5,282
morning_peak,g16_6,94
morning_peak,g16_7,64
morning_peak,g16_8,109
morning_peak,g16_9,529
morning_peak,g17_-1,1
morning_peak,g17_-3,1
morning_peak,g17_0,9
morning_peak,g17_1,55
morning_peak,g17_10,14
morning_peak,g17_11,20
morning_peak,g17_12,10
morning_peak,g17_13,3
morning_peak,g17_2,18
morning_peak,g17_3,55
morning_peak,g17_4,412
morning_peak,g17_5,54
morning_peak,g17_6,53
morning_peak,g17_7,16
morning_peak,g17_8,11
morning_peak,g17_9,4
morning_peak,g18_-11,1
morning_peak,g18_0,228
morning_peak,g18_1,23
morning_peak,g18_11,1
morning_peak,g18_13,5
morning_peak,g18_14,2
morning_peak,g18_16,1
morning_peak,g18_2,13
morning_peak,g18_3,20
morning_peak,g18_4,102
morning_peak,g18_5,48
morning_peak,g18_6,252
morning_peak,g18_8,51
morning_peak,g18_9,21
morning_peak,g19_-1,1
morning_peak,g19_-22,1
morning_peak,g19_-7,1
morning_peak,g19_1,8
morning_peak,g19_10,3
morning_peak,g19_11,3
morning_peak,g19_13,1
morning_peak,g19_15,2
morning_peak,g19_2,94
morning_peak,g19_22,1
morning_peak,g19_3,66
morning_peak,g19_4,45
morning_peak,g19_5,15
morning_peak,g19_6,63
morning_peak,g19_7,23
morning_peak,g19_8,3
morning_peak,g19_9,3
morning_peak,g1_10,2
morning_peak,g1_17,1
morning_peak,g1_2,250
morning_peak,g1_3,329
morning_peak,g1_4,37
morning_peak,g1_5,48
morning_peak,g1_6,4
morning_peak,g1_7,12
morning_peak,g1_8,1
morning_peak,g1_9,3
morning_peak,g20_-1,1
morning_peak,g20_-13,1
morning_peak,g20_-3,1
morning_peak,g20_-4,1
morning_peak,g20_0,2
morning_peak,g20_1,4
morning_peak,g20_11,2
morning_peak,g20_12,1
morning_peak,g20_13,2
morning_peak,g20_14,3
morning_peak,g20_17,3
morning_peak,g20_2,3
morning_peak,g20_3,29
morning_peak,g20_4,11
morning_peak,g20_5,1
morning_peak,g20_6,7
morning_peak,g20_7,3
morning_peak,g20_8,1
morning_peak,g21_1,2
morning_peak,g21_11,1
morning_peak,g21_14,5
morning_peak,g21_15,18
morning_peak,g21_16,1
morning_peak,g21_17,1
morning_peak,g21_4,1
morning_peak,g21_7,4
morning_peak,g21_9,3
morning_peak,g22_14,5
morning_peak,g22_16,1
morning_peak,g22_2,1
morning_peak,g22_20,1
morning_peak,g22_3,1
morning_peak,g22_6,1
morning_peak,g22_7,1
morning_peak,g23_0,1
morning_peak,g23_2,1
morning_peak,g23_5,1
morning_peak,g23_8,1
morning_peak,g23_9,1
morning_peak,g24_-6,1
morning_peak,g24_1,1
morning_peak,g24_15,1
morning_peak,g24_17,1
morning_peak,g24_18,1
morning_peak,g24_21,1
morning_peak,g24_7,2
morning_peak,g24_9,1
morning_peak,g25_-1,2
morning_peak,g25_0,1
morning_peak,g25_2,3
morning_peak,g25_4,1
morning_peak,g25_9,3
morning_peak,g26_11,1
morning_peak,g26_7,3
morning_peak,g26_9,1
morning_peak,g27_-10,1
morning_peak,g27_-9,1
morning_peak,g27_12,2
morning_peak,g28_-3,1
morning_peak,g28_11,2
morning_peak,g28_12,1
morning_peak,g28_13,15
morning_peak,g29_11,4
morning_peak,g29_12,1
morning_peak,g29_13,4
morning_peak,g29_14,2
morning_peak,g29_4,1
morning_peak,g2_1,7
morning_peak,g2_11,2
morning_peak,g2_12,3
morning_peak,g2_18,3
morning_peak,g2_19,3
morning_peak,g2_2,137
morning_peak,g2_20,3
morning_peak,g2_21,88
morning_peak,g2_22,9
morning_peak,g2_25,1
morning_peak,g2_3,142
morning_peak,g2_4,80
morning_peak,g2_5,66
morning_peak,g2_6,48
morning_peak,g2_7,256
morning_peak,g2_8,82
morning_peak,g2_9,2
morning_peak,g30_10,1
morning_peak,g30_11,1
morning_peak,g30_13,10
morning_peak,g31_12,1
morning_peak,g35_9,2
morning_peak,g36_14,1
morning_peak,g39_10,1
morning_peak,g3_-7,1
morning_peak,g3_1,35
morning_peak,g3_10,13
morning_peak,g3_11,3
morning_peak,g3_18,1
morning_peak,g3_19,2
morning_peak,g3_2,119
morning_peak,g3_20,1
morning_peak,g3_23,1
morning_peak,g3_24,1
morning_peak,g3_26,1
morning_peak,g3_28,1
morning_peak,g3_3,123
morning_peak,g3_4,52
morning_peak,g3_5,84
morning_peak,g3_6,71
morning_peak,g3_7,111
morning_peak,g3_8,114
morning_peak,g3_9,12
morning_peak,g40_9,1
morning_peak,g42_153,1
morning_peak,g4_-1,4
morning_peak,g4_-12,1
morning_peak,g4_-2,1
morning_peak,g4_0,1
morning_peak,g4_1,8
morning_peak,g4_10,3
morning_peak,g4_12,1
morning_peak,g4_14,1
morning_peak,g4_16,1
morning_peak,g4_17,2
morning_peak,g4_2,107
morning_peak,g4_22,1
morning_peak,g4_25,1
morning_peak,g4_3,199
morning_peak,g4_4,57
morning_peak,g4_5,153
morning_peak,g4_6,49
morning_peak,g4_7,347
morning_peak,g4_8,47
morning_peak,g4_9,16
morning_peak,g52_61,1
morning_peak,g56_38,2
morning_peak,g5_-2,1
morning_peak,g5_-5,2
morning_peak,g5_-8,1
morning_peak,g5_0,4
morning_peak,g5_10,3
morning_peak,g5_13,2
morning_peak,g5_14,1
morning_peak,g5_2,153
morning_peak,g5_23,1
morning_peak,g5_3,945
morning_peak,g5_4,146
morning_peak,g5_5,131
morning_peak,g5_6,542
morning_peak,g5_7,61
morning_peak,g5_8,133
morning_peak,g5_9,29
morning_peak,g62_72,1
morning_peak,g6_-2,1
morning_peak,g6_-25,1
morning_peak,g6_-30,1
morning_peak,g6_-4,1
morning_peak,g6_-5,1
morning_peak,g6_0,4
morning_peak,g6_1,3
morning_peak,g6_10,4
morning_peak,g6_12,7
morning_peak,g6_14,4
morning_peak,g6_16,1
morning_peak,g6_2,47
morning_peak,g6_3,126
morning_peak,g6_4,212
morning_peak,g6_5,132
morning_peak,g6_6,36
morning_peak,g6_7,19
morning_peak,g6_8,120
morning_peak,g6_9,18
morning_peak,g7_-2,1
morning_peak,g7_-3,4
morning_peak,g7_0,9
morning_peak,g7_1,8
morning_peak,g7_10,4
morning_peak,g7_11,5
morning_peak,g7_13,3
morning_peak,g7_14,2
morning_peak,g7_15,1
morning_peak,g7_16,1
morning_peak,g7_19,1
morning_peak,g7_2,39
morning_peak,g7_21,1
morning_peak,g7_3,52
morning_peak,g7_4,703
morning_peak,g7_5,77
morning_peak,g7_6,74
morning_peak,g7_7,153
morning_peak,g7_8,13
morning_peak,g7_9,13
morning_peak,g85_69,1
morning_peak,g8_-1,1
morning_peak,g8_-11,1
morning_peak,g8_-3,2
morning_peak,g8_-4,1
morning_peak,g8_0,1
morning_peak,g8_1,85
morning_peak,g8_10,9
morning_peak,g8_11,11
morning_peak,g8_12,3
morning_peak,g8_15,2
morning_peak,g8_19,1
morning_peak,g8_2,41
morning_peak,g8_3,591
morning_peak,g8_4,269
morning_peak,g8_5,225
morning_peak,g8_6,33
morning_peak,g8_7,32
morning_peak,g8_8,70
morning_peak,g8_9,59
morning_peak,g9_-1,9
morning_peak,g9_-6,1
morning_peak,g9_-7,1
morning_peak,g9_1,53
morning_peak,g9_10,1
morning_peak,g9_11,2
morning_peak,g9_13,1
morning_peak,g9_14,1
morning_peak,g9_15,1
morning_peak,g9_17,1
morning_peak,g9_18,1
morning_peak,g9_2,372
morning_peak,g9_22,2
morning_peak,g9_3,94
morning_peak,g9_4,1152
morning_peak,g9_5,92
morning_peak,g9_6,376
morning_peak,g9_7,42
morning_peak,g9_8,423
morning_peak,g9_9,85
night,g-13_53,1
night,g-1_10,1
night,g-1_4,8
night,g-1_5,14
night,g-1_6,7
night,g-1_7,29
night,g-1_8,4
night,g-1_9,4
night,g-2_11,2
night,g-2_14,1
night,g-2_6,37
night,g-2_7,19
night,g-2_8,11
night,g-2_9,16
night,g-3_10,1
night,g-3_9,4
night,g-4_32,1
night,g0_2,16
night,g0_3,226
night,g0_4,45
night,g0_5,1
night,g0_6,2
night,g0_7,4
night,g0_8,3
night,g0_9,1
night,g10_-1,14
night,g10_-7,1
night,g10_0,80
night,g10_1,406
night,g10_11,2
night,g10_2,334
night,g10_3,59
night,g10_4,115
night,g10_5,37
night,g10_6,27
night,g10_7,16
night,g10_8,14
night,g10_9,12
night,g11_-1,103
night,g11_-2,6
night,g11_-3,2
night,g11_-4,2
night,g11_-8,1
night,g11_0,2442
night,g11_1,612
night,g11_10,2
night,g11_14,1
night,g11_15,3
night,g11_2,137
night,g11_21,1
night,g11_3,102
night,g11_4,41
night,g11_5,30
night,g11_6,56
night,g11_7,163
night,g11_8,28
night,g11_9,15
night,g12_-1,31
night,g12_-2,3
night,g12_-3,12
night,g12_-4,2
night,g12_-5,2
night,g12_-6,4
night,g12_0,771
night,g12_1,1470
night,g12_10,1
night,g12_12,2
night,g12_13,1
night,g12_2,726
night,g12_3,83
night,g12_4,83
night,g12_5,49
night,g12_6,21
night,g12_7,24
night,g12_8,38
night,g12_9,5
night,g13_-10,1
night,g13_-4,3
night,g13_-7,1
night,g13_-8,2
night,g13_-9,1
night,g13_0,20
night,g13_1,56
night,g13_10,6
night,g13_11,1
night,g13_2,121
night,g13_3,71
night,g13_4,314
night,g13_5,35
night,g13_6,20
night,g13_7,3
night,g13_9,414
night,g14_-3,2
night,g14_-4,2
night,g14_0,11
night,g14_1,27
night,g14_10,7
night,g14_11,1
night,g14_2,141
night,g14_21,2
night,g14_3,36
night,g14_4,40
night,g14_5,29
night,g14_6,46
night,g14_7,17
night,g14_8,2
night,g14_9,19
night,g15_-11,1
night,g15_-3,2
night,g15_0,5
night,g15_1,27
night,g15_10,2
night,g15_12,1
night,g15_2,17
night,g15_21,2
night,g15_3,23
night,g15_4,8
night,g15_5,184
night,g15_6,85
night,g15_7,25
night,g15_8,12
night,g15_9,16
night,g16_-2,2
night,g16_-4,1
night,g16_0,1
night,g16_1,12
night,g16_10,2
night,g16_2,1241
night,g16_3,5
night,g16_4,30
night,g16_5,337
night,g16_6,27
night,g16_7,17
night,g16_8,168
night,g16_9,224
night,g17_0,2
night,g17_1,18
night,g17_11,6
night,g17_12,4
night,g17_15,2
night,g17_2,1
night,g17_3,10
night,g17_4,114
night,g17_5,45
night,g17_6,9
night,g17_7,5
night,g17_8,3
night,g17_9,1
night,g18_-3,1
night,g18_-7,1
night,g18_-86,1
night,g18_0,68
night,g18_1,2
night,g18_2,7
night,g18_3,3
night,g18_4,39
night,g18_5,17
night,g18_6,41
night,g18_7,2
night,g18_8,5
night,g18_9,6
night,g19_-3,1
night,g19_-7,1
night,g19_-8,1
night,g19_0,2
night,g19_1,2
night,g19_12,1
night,g19_14,1
night,g19_15,1
night,g19_2,15
night,g19_3,25
night,g19_4,13
night,g19_5,4
night,g19_6,9
night,g19_7,12
night,g19_8,3
night,g19_9,2
night,g1_12,1
night,g1_2,106
night,g1_20,1
night,g1_22,1
night,g1_3,139
night,g1_4,9
night,g1_5,12
night,g1_6,1
night,g1_7,4
night,g1_9,1
night,g20_-1,1
night,g20_-2,1
night,g20_0,1
night,g20_1,1
night,g20_2,4
night,g20_3,5
night,g20_6,6
night,g20_8,2
night,g21_10,1
night,g21_14,1
night,g21_6,1
night,g21_8,2
night,g22_17,1
night,g22_7,2
night,g22_8,1
night,g23_5,1
night,g23_8,3
night,g24_-36,1
night,g24_1,1
night,g24_11,1
night,g27_-7,1
night,g27_5,1
night,g27_65,1
night,g28_2,2
night,g2_-4,1
night,g2_1,15
night,g2_11,1
night,g2_19,1
night,g2_2,31
night,g2_20,1
night,g2_21,5
night,g2_22,1
night,g2_3,37
night,g2_4,12
night,g2_5,28
night,g2_6,11
night,g2_7,46
night,g2_8,12
night,g2_9,1
night,g30_11,1
night,g36_9,1
night,g3_-7,3
night,g3_1,18
night,g3_10,5
night,g3_11,2
night,g3_13,2
night,g3_15,1
night,g3_2,44
night,g3_3,54
night,g3_4,19
night,g3_5,31
night,g3_6,24
night,g3_7,26
night,g3_8,12
night,g3_9,6
night,g4_-2,1
night,g4_-5,1
night,g4_-7,2
night,g4_-8,1
night,g4_1,5
night,g4_10,5
night,g4_2,38
night,g4_3,71
night,g4_4,11
night,g4_5,71
night,g4_6,27
night,g4_7,119
night,g4_8,24
night,g4_9,20
night,g57_13,4
night,g5_-1,1
night,g5_-2,1
night,g5_-6,1
night,g5_0,10
night,g5_1,1
night,g5_2,129
night,g5_3,456
night,g5_4,22
night,g5_5,51
night,g5_6,139
night,g5_7,19
night,g5_8,14
night,g5_9,4
night,g62_12,1
night,g6_-1,2
night,g6_-2,1
night,g6_-3,1
night,g6_0,1
night,g6_1,9
night,g6_11,1
night,g6_2,104
night,g6_3,29
night,g6_4,75
night,g6_5,66
night,g6_6,8
night,g6_7,8
night,g6_8,40
night,g6_9,9
night,g7_-28,1
night,g7_0,13
night,g7_1,13
night,g7_11,1
night,g7_12,1
night,g7_2,21
night,g7_3,23
night,g7_4,438
night,g7_5,39
night,g7_6,34
night,g7_7,18
night,g7_8,1
night,g7_9,3
night,g86_126,1
night,g8_-1,7
night,g8_-10,3
night,g8_-2,1
night,g8_-3,2
night,g8_-4,2
night,g8_-6,1
night,g8_-7,1
night,g8_0,1
night,g8_1,29
night,g8_11,3
night,g8_16,1
night,g8_2,12
night,g8_3,413
night,g8_4,162
night,g8_5,65
night,g8_6,13
night,g8_7,22
night,g8_8,11
night,g8_9,14
night,g9_-12,1
night,g9_1,38
night,g9_10,4
night,g9_11,1
night,g9_15,1
night,g9_2,153
night,g9_20,3
night,g9_3,52
night,g9_4,513
night,g9_5,23
night,g9_6,114
night,g9_7,10
night,g9_8,95
night,g9_9,21
