od_pair,trip_count
g12_1->g2_21,942
g12_1->g10_1,743
g11_0->g12_1,581
g12_1->g16_2,572
g16_2->g12_1,566
g12_1->g9_4,468
g12_1->g12_1,441
g16_2->g2_21,429
g11_0->g11_1,406
g11_0->g8_3,373
g11_0->g7_4,368
g11_0->g5_3,364
g9_4->g12_1,362
g12_1->g7_4,348
g5_3->g11_1,342
g12_1->g8_3,337
g11_0->g12_2,326
g12_1->g11_0,323
g12_1->g12_4,291
g12_1->g10_2,285
g10_1->g12_1,268
g11_0->g2_21,263
g16_2->g11_1,261
g11_1->g13_3,259
g11_0->g11_2,257
g16_2->g8_3,256
g12_1->g5_3,254
g5_3->g11_0,249
g11_1->g7_4,249
g12_1->g13_3,241
g5_3->g2_21,238
g16_2->g11_0,236
g11_1->g5_3,234
g12_1->g13_4,231
g12_1->g11_-1,230
g12_1->g11_2,225
g9_4->g12_2,223
g12_1->g12_2,222
g12_1->g9_2,221
g16_2->g12_2,218
g9_4->g11_1,216
g8_3->g11_1,211
g11_0->g10_2,210
g10_2->g12_1,210
g11_1->g2_21,207
g16_2->g11_2,206
g11_2->g2_21,199
g12_1->g11_1,199
g11_0->g16_2,197
g12_2->g2_21,197
